Cerveja Budweiser American Lager 330ml Long Neck,2
Refrigerante Coca-Cola Sem Açúcar 200ml,2
Refrigerante Coca-Cola Sem Açúcar 350ml,2
Cerveja Heineken Garrafa 330ml,2
Cerveja Corona Extra Long Neck 330ml,2
Cerveja Sol Premium Long Neck 330ml,2
Cerveja Spaten Puro Malte Lata 350ml,2
Refrigerante Coca-Cola Sem Açúcar 2L,2
Água Mineral Natural Crystal com Gás Garrafa 500ml,2
Refrigerante Coca-Cola Garrafa 200ml,2
Cerveja Original Pilsen 350ml Lata,2
Energético Cereja Baly Lata 473ml,2
Energético Morango e Pêssego das Galáxias Baly Lata 473ml,2
Energético Abacaxi com Hortelã das Galáxias Baly Lata 473ml,2
Whisky Jack Daniels Honey 1l,2
Cerveja Antarctica Pilsen 350ml Lata,2
Energético Morango e Pêssego das Galáxias Baly Garrafa 2l,2
Whisky Escocês Blended Johnnie Walker Blonde Garrafa 750ml,2
Suplemento Alimentar Líquido Morango Zero Lactose Sonic Baly Kids Lata 220ml,2
Suplemento Alimentar Líquido Uva Zero Lactose Sonic Baly Kids Lata 220ml,2
Suplemento Alimentar Líquido Tutti Frutti Zero Lactose Sonic Baly Kids Lata 220ml,2
Refrigerante Coca-Cola Sabor Original 350ml,2
Gin London Dry Tanqueray Garrafa 750ml,2
Isotônico Berry Blue Gatorade Garrafa 500ml,2
Refrigerante Laranja-Pera FYs Lata 350ml,2
Cerveja Skol Pilsen Lata 350ml,2
Whisky Escocês Blended Grand Old Parr Garrafa 1l,2
Energético Zero Açúcar Red Bull Lata 250ml,2
Refrigerante Limão-Siciliano Zero Açúcar Fys Lata 350ml,2
Aperitivo Bitter Campari Garrafa 748ml,2
Energético Ultra Peachy Keen Zero Açúcar Monster Lata 473ml,2
Drink Pronto Beats Senses Long Neck 269ml,2
Energético Maçã-Verde Baly Lata 473ml,2
Energético Zero Açúcar Monster Lata 473ml,2
Cerveja Munich Helles Puro Malte Spaten Garrafa 330ml,2
Refrigerante Guaraná Antarctica Sem Açúcar 350ml Lata,2
Energético Tradicional Baly Garrafa 2L,2
Energético Tradicional Baly Lata 473ml,2
Energético Nectarina Red Bull Lata 250ml The Summer Edition,2
Energético Nectarina Zero Açúcar Red Bull Lata 250ml The Summer Edition,2
Bebida Mista Alcoólica Gaseificada Frutas Vermelhas Beats Red Mix Garrafa 269ml,2
Energético Tropical Baly Lata 473ml,2
Cerveja Amstel Puro Malte Lata 350ml,2
Energético Tropical Baly Garrafa 2l,2
Refrigerante Guaraná Antarctica 350ml Lata,2
Refrigerante Pepsi Black Sem Açúcar 2L Garrafa Pet,2
Energético Maçã-Verde Baly Garrafa 2L,2
Energético Melancia Baly Garrafa 2L,2
Isotônico Gatorade Uva 500ml Garrafa,2
Isotônico Gatorade Tangerina Garrafa 500ml,2
Bebida Energética Monster Energy 473ml,2
Chá Verde Leão Reequilibra Limão 1,5L,2
Whisky Jack Daniel's 1L,2
Whisky Jack Daniel's Tennesse Apple 1L,2
Cerv Corona Cero Sunbrew Ln 330ml,2
Água de Coco Sococo Mais Uva 200ml,2
Água Mineral Font Life Natural Sem Gás 1,5L,2
Energético Coco e Açaí Baly Garrafa 2L,2
Licor Creme 43 Original 700ml,2
Isotônico Gatorade Limão Garrafa 500ml,2
Refrigerante PEPSI Twist Garrafa 2L,2
Tequila Reposado Jose Cuervo Garrafa 750ml,2
Suco Concentrado Maguary Maracujá 500ml,2
Vodka Absolut 750ml,2
Bebida Energética Monster Juice Mango Loco 473ml,2
Vodka Absolut Vanilia 750ml,2
Gin Beefeater London Dry 750ml,2
Vodka Absolut Raspberri 750ml,2
Vodka Absolut Citron 750ml,2
Pack Cerveja Pilsen Antarctica Original Lata 12 Unidades 350ml Cada,2
Vinho Tinto Alma Negra 750ml,2
Água Crystal Azul sem Gás 510ml,2
Vinho Casal Garcia Rose 750ml,2
Pack Cerveja Pilsen Skol Lata 12 Unidades 350ml Cada,2
Água Tônica sem Açúcar Schweppes Lata 350ml,2
Água de Coco Sococo Mais Melancia 200ml,2
Energético Monster Absolutely Zero 473ml,2
Aperitivo Aperol Garrafa 750ml,2
Água De Coco Kero Coco Caixa 1L,2
Água de Coco Sococo Mais Frutas Vermelhas 200ml,2
Água de Coco Sococo Mais Maracujá 200ml,2
Refrigerante Citrus Schweppes Lata 350ml,2
Vodka Destilada Smirnoff Garrafa 998ml,2
Refrigerante Pepsi 2L Garrafa Pet,2
Água Tônica com toque de Limão Siciliano FYs Lata 350ml,2
Energético Juice Monster Pipeline Punch Lata 473ml,2
Vinho Branco Jurupinga Dinalle Suave 975ml,2
Refrigerante Citrus Original Schweppes Garrafa 1,5l,2
Energético Ultra Fiesta Mango Zero Açúcar Monster Lata 473ml,2
Aperitivo Bitter Campari Garrafa 998ml,2
Bebida Mista Alcoólica Gaseificada Limão Clássico Smirnoff Ice Lata 269ml,2
Aperitivo de Whisky Natu Nobilis 1L,2
Cerveja Heineken Lata 350ml,2
Refrigerante Guaraná da Amazônia FYs Lata 350ml,2
Água Tônica com Toque de Limão Siciliano FYs Zero Lata 350ml,2
Cerveja Pilsen Corona Lata 350ml,2
Refrigerante Schweppes Citrus Original 350ml,2
Suco Dafruta Laranja 1L,2
Cerveja Stella Artois Puro Malte 350ml Lata,2
Água Tônica Schweppes 350ml,2
Refrigerante Coca Cola Original 2L,2
Saquê Sakai 750ml,2
Água de Coco Kero Coco Caixa 330ml,2
Aguardente Velho Barreiro 910ml,2
Aguardente 51 965ml,2
Preparado para Drinks Fruta Easy Drinks Piña Colada 100g,2
Conhaque de Gengibre Dreher Garrafa 900ml,2
Cerveja Amber Lager Puro Malte Caramelo Baden Baden 473ml,2
Cerveja Brahma Chopp Pilsen Lata 350ml,2
Néctar DaFruta Maracujá 1L,2
Cerveja  Lager Heineken Barril 5L,2
Refrigerante Coca-Cola Sem Açúcar 600ml,2
Espumante Aurora Moscatel 750ml,2
Bebida Mista Alcoólica Gaseificada Green Apple Smirnoff Ice Lata 269ml,2
Água Crystal Azul com Gás 510ml,2
Whisky Ballantine's Finest Blended Escocês 1 Litro,2
Bebida Mista Alcoólica Gaseificada Tropical Smirnoff Ice Lata 269ml,2
Refrigerante sem Açúcar Coca-Cola Garrafa 1,5l,2
Drink Pronto Beats Senses 269ml Lata,2
Cerveja Praya Witbier Long Neck 355ml,2
Whisky Ballantine's Finest Blended Escocês 750ml,2
Chá Matte Leão Lichia Zero Açúcar 1,5L,2
Vodka Destilada Smirnoff Garrafa 600ml,2
Gin Tônica Pink Amora Schweppes Mixed Lata 269ml,2
Bebida Mista Alcoólica Gaseificada Spritz Schweppes Mixed Lata 269ml,2
Vodka Absolut 1 Litro,2
Gin Tônica Schweppes Mixed Lata 269ml,2
Bebida Mista Alcoólica Gaseificada Vodka Citrus Schweppes Mixed Lata 269ml,2
Cerveja Erdinger Weizenbock Pikantus 500ml,2
Cerveja Heineken Zero Álcool Lata 350ml,2
Cerveja Heineken Zero Garrafa 330ml,2
Whisky Escocês Blended Red Label Johnnie Walker Garrafa 1l,2
Energético Red Bull Pomelo Sem Açúcar 250ml,2
Cerveja Stella Artois Pure Gold Sem Glúten Long Neck 330ml,2
Refrigerante Coca-Cola Original 2L + Refrigerante Fanta Guaraná 2L,2
Refrigerante Coca-Cola Original 2L + Refrigerante Fanta Laranja 2L,2
Cerveja Heineken Garrafa 250ml,2
Água Mineral com Gás Mamba Water Lata 350ml,2
Cerveja Pilsen Puro Malte Eisenbahn Lata 350ml,2
Agua Min Font Life Nat S/Gas 200Ml,2
Cerveja Stella Artois Pure Gold Sem Glúten 350ml Lata,2
Água Mineral Font Life Natural Com Gás 510ml,2
Energético Red Bull Energy Drink 473ml,2
Cerveja Antartica Pilsen Lata 350ml com 18un,2
Cerveja Session Hazy IPA Aura Hocus Pocus Garrafa 500ml,2
Cerveja Lager Pressed Lemon Flying Fish Garrafa 330ml,2
Água Mineral Natural sem Gás Mamba Water Lata 350ml,2
Refresco Adoçado Abacaxi Maguary Caixa 1l,2
Licor Creme de Avelã Drikke Dulce Avelã 500ml,2
Refrigerante Guaraná Antarctica Sem Açúcar 2L Pet,2
Cerveja Sol Pilsen 600ml,2
Espumante Casa Perini Cristal Edition 750ml,2
Energético Tradicional Zero Açúcar Furioso Lata 473ml,2
Baer-Mate 350ml - Mate com Gás e Cafeína Natural,2
Refrigerante Coca Cola Menos Açúcar 3L,2
Cerveja Lager Pressed Lemon Flying Fish Lata 350ml,2
Bebida Mista Alcoólica Gaseificada Citrus Johnnie Walker Blonde Lata 269ml,2
Suco Uva Tinto Campo Largo Garrafa 1,35l,2
Cerveja Belgian Strong Golden Ale Hocus Pocus Garrafa 500ml,2
Cerveja American Blond Ale Orange Sunshine Hocus Pocus Garrafa 500ml,2
Refrigerante Coca-Cola Sem Açúcar 310ml,2
Bebida Jungle Melancia e Limão Plant Power 500ml,2
Licor Creme de Pistache Drikke Dulce Pistache 500ml,2
Refrigerante Sprite Limão Sem Açúcar 2L,2
Whisky Escocês Blended Black Label Johnnie Walker Garrafa 1l,2
Energético Red Bull Energy Drink 250ml,2
Cerveja Stella Artois Puro Malte Long Neck 330ml,2
Taça Pratc Casa California 470ml un.,2
Bebida Mista Alcoólica Tropical Beats Garrafa 269ml,2
Suco de Uva Aurora Tinto Integral 1,5L,2
Água Mineral Natural Crystal sem Gás Garrafa 500ml,2
Taça Pratic Casa Para Cerveja Californ 350ml,2
Água de Coco Mais Coco 1L,2
Espumante Chandon Reserve Brut 750ml,2
Bebida Mista Alcoólica Gaseificada Limão Clássico Smirnoff Ice Garrafa 275ml,2
Cerveja Brahma Duplo Malte Puro Malte 350ml Lata,2
Cerveja Heineken Garrafa 600ml,2
Espumante Casa Perini Moscatel 750ml,2
Refrigerante Limão sem Açúcares Sprite Lata 350ml,2
Filtrado Doce Brasileiro Branco Del Sole Garrafa 660ml,2
Refrigerante Coca-Cola Sem Açúcar 1L,2
Refresco em pó Tang Uva 18g,2
Água Mineral Sferriê com Gás 510ml,2
Refrigerante Kuat 2L,2
Cerveja Blue Moon Garrafa 355ml,2
Refresco em pó Tang Laranja 18g,2
Suco Kapo Uva 200ml,2
Espumante Chandon Brut Rosé 750ml,2
Espumante Garibaldi Moscatel 750ml,2
Refrigerante Coca-Cola Sabor Original 600ml,2
Refrigerante Coca-Cola Sem Açúcar 220ml,2
Cerveja Baden Baden Puro Malte Cristal 473ml,2
Refrigerante Coca-Cola Sabor Original 1L,2
Refrigerante Coca-Cola Sabor Original 1,5L,2
Refresco em pó Tang Abacaxi 18g,2
Refrigerante Guaraná Antarctica Garrafa 2L,2
Refrigerante Pepsi Black Zero Açúcar 1,5L,2
Refresco em pó Tang Maracujá 18g,2
Cerveja Pilsen Cristal Baden Baden Lata 350ml,2
Água Mineral Font Life Natural Sem Gás 510ml,2
Água Mineral Crystal sem Gás 5L,2
Refrigerante Sprite Sabor Limão Pet 2L,2
Cerveja Baden Baden IPA Puro Malte Maracujá Lata 350ml,2
Água Mineral Natural  Crystal com Gás  Garrafa 1,5l,2
Refresco em pó Tang Limão 18g,2
Refrigerante Guaraná Antarctica Garrafa 200ml,2
Whisky Jack Daniels Fire 1L,2
Bebida Beefeater Botanics Limão e Gengibre 750ml,2
Refresco em pó Tang Morango 18g,2
Gin Beefeater London Pink Garrafa 700ml,2
Tequila Silver Jose Cuervo Garrafa 750ml,2
Suco Néctar Maguary Uva 1L,2
Água de Coco Sococo 1L,2
Refrigerante Coca-Cola 6un 350ml,2
Água Mineral Font Life Natural Com Gás 1,5L,2
Espumante Salton Moscatel 750ml,2
Suco Kapo Morango 200ml,2
Vinho Casal Mendes Verde 750ml,2
Suco Integral Aurora Uva Tinto 1,5L,2
Água Mineral Natural Crystal sem Gás Garrafa 1,5L,2
Cerveja Lager Puro Malte Heineken Lata 269ml,2
Cerveja Baden Baden Witbier Lata 350ml,2
Espumante Campo Largo Moscatel 750ml,2
Cerveja Eisenbahn Pilsen Puro Malte Unfiltered Lata 350ml,2
Espumante Casa Perini Moscatel Aquarela 750ml,2
Cerveja American IPA Puro Malte Baden Baden Garrafa 600ml,2
Espumante Salton Séries Moscatel 750ml,2
Energético Red Bull Sugar Free Sem açúcar 250ml,2
Refrigerante Lemon Fresh sem Açúcar Sprite Garrafa 510ml,2
Espumante Oremus Rose Moscatel 750ml,2
Chá Matte Leão Sabor Natural Pet 1,5L,2
Vinho Rosé EA 750ml,2
Refrigerante Laranja Fanta Garrafa 2l,2
Vinho Tinto Kaleu Malbec 750ml,2
Suco Néctar Del Valle Pêssego 1L,2
Vinho Chileno Marques de Casa Concha Cabernet Suavignon 750ml,2
Cerveja Budweiser American Lager 350ml Lata,2
Cerveja Lagunitas IPA Lata 350ml,2
Suco Del Valle Néctar Maracujá 1L,2
Vinho Casal Mendes Rosé 750ml,2
Espumante Oremus Moscatel 750ml,2
Refrigerante Coca-Cola Original Garrafa 2,5l Embalagem Econômica,2
Água Mineral Sferriê com Gás 1,5L,2
Cerveja Pilsen Zero Álcool Sol Garrafa 330ml,2
Suco Integral Uva Tinto Campo Largo Garrafa 1,5l,2
Suco Néctar Del Valle Manga 1L,2
Cerveja Império Ultra 275ml,2
Refresco em Pó Clight Limonada 8g,2
Cachaça Saliníssima Prata 670ml,2
Vinho Tinto Valdivieso Caballo Loco 750ml,2
Água Mineral Sferriê sem Gás Pet 1,5L,2
Suco Concentrado Maguary Caju 500ml,2
Água Mineral Sferriê sem Gás 510ml,2
Vinho Rosé Crasto 750ml,2
Suco Néctar Del Valle Abacaxi 1L,2
Refrigerante Coca-Cola Sabor Original 220ml,2
Água Mineral Natural Crystal sem Gás  Copo 310ml,2
Cerveja Blue Moon Lata 350ml,2
Refrigerante Laranja Fanta Garrafa 200ml,2
Cerveja Patagonia Weisse Lata 473ml,2
Cerveja Original Pilsen 600ml Garrafa,2
Água Mineral Sferriê Sem Gás 5L,2
Refresco em pó Tang Tangerina 18g,2
Cerveja Golden Ale Baden Baden Garrafa 600ml,2
Suco Del Valle Frut Uva 1,5L,2
Refrigerante Coca-Cola Sabor Original 310ml,2
Whisky Chivas Regal 12 anos Escocês 1 Litro,2
Refrigerante Fanta Uva 2L,2
Água Minera Font Life Natural Sem Gás 5L,2
Refresco em Pó Trink Laranja 15g,2
Refresco em pó Clight Sem Açúcar Maracuja 8g,2
Vinho Frisante Mondo Lambrusco Tinto 750ml,2
Energético Red Bull Amora Sem Açúcar 250ml,2
Refresco em pó Clight Sem Açúcar Abacaxi 8g,2
Refresco em pó Clight Sem Açúcar Laranja 8g,2
Whisky Johnnie Walker Gold Label Reserve 750ml,2
Refresco em pó Tang Guaraná 18g,2
Vodka 5x Destilada Ciroc Garrafa 750ml,2
Espumante Salton Demi-Sec 750ml,2
Água Mineral S. Pellegrino com Gás 250ml,2
Espumante Aurora Zero Álcool 750ml,2
Suco Néctar Maguary Maracujá 1L,2
Refrigerante H2OH Limoneto Garrafa 500ml,2
Energético Red Bull Tropical 250ml,2
Refrigerante Coca-Cola Garrafa 250ml,2
Água Mineral S. Pellegrino com Gás 505ml,2
Cerveja de Trigo Peach Baden Baden Garrafa 600ml,2
Refresco em pó Clight Sem Açúcar Uva 8g,2
Refresco em pó Tang Laranja Docinha 18g,2
Água Crystal Azul sem Gás 1,5L,2
Água Tônica Antarctica Zero Lata 350ml,2
Espumante Salton Prosecco Brut 750ml,2
Vinho Caballo Loco Sagrada Familia 750ml,2
Água de Coco Sococo 330ml,2
Água Mineral Perrier Vidro 330ml,2
Água Mineral Natural sem Gás Crystal Garrafa 1l,2
Suco Néctar Maguary Morango 1L,2
Vinho Fam Santucci Chianti Gf 750ml,2
Vinho Tinto Chalise Suave 750ml,2
Refrigerante Limão Sprite Lata 350ml,2
Refresco em Pó Trink Limonada Suíça 15g,2
Refresco em pó Tang Laranja e Mamão 18g,2
Refresco em pó Clight Sem Açúcar Morango 8g,2
Vinho Branco Tierra Del Fuego Chardonnay 750ml,2
Espumante Rosé Garibaldi Moscatel 750ml,2
Suco Del Valle 100% de Suco de Maçã 200ml,2
Refrigerante Fanta Laranja 600ml,2
Cerveja Amstel Ultra Lata 269ml,2
Cerveja Eisenbahn American IPA Puro Malte Lata 350ml,2
Cerveja Budweiser Zero Álcool Lata 350ml,2
Cerveja Michelob Ultra Light Beer 350ml,2
Suco de Uva Garibaldi Integral 1,5L,2
Suco Del Valle Kapo Maracujá 200ml,2
Refrigerante Fanta Laranja 350ml,2
Refrigerante Guaraná Antarctica Sem Açúcar 1,5L Garrafa,2
Vinho Tinto 34 Cabernet Sauvignon 750ml,2
Refrigerante Guaraná Antarctica Sem Açúcar Garrafa 600ml,2
Refrigerante Coca-Cola Zero Garrafa 250ml,2
Água Tônica Antarctica Lata 350ml,2
Refresco em Pó Trink Uva 15g,2
Espumante Campo Largo Moscatel Rosé 750ml,2
Refresco em pó Tang Manga 18g,2
Água Mineral Prata One Way Com Gás 300ml,2
Chá Preto Ice Tea Pêssego Leão Zero Garrafa 1,5l,2
Água De Coco Kero Coco Caixa 200ml,2
Vinho Tinto Caballo Loco Grand Cru Apalta 750ml,2
Refrigerante Pepsi Black Sem Açúcar Lata 350ml,2
Suco Del Valle Frutas Cítricas Garrafa 1,5l,2
Chá Matte Leão Limão 1,5L,2
Chopp Brasser Pilsen 1,5L,2
Cerveja Eisenbahn Pilsen Puro Malte Long Neck 355ml,2
Água de Coco Puro Coco 200ml,2
Refresco em pó Clight Sem Açúcar Tangerina 8g,2
Refresco em Pó Trink Maracujá 15g,2
Suco Néctar Dell Valle Uva 290ml,2
Vinho Casal Garcia Tinto 750 ml,2
Vinho Tinto Sur Andino Invictas Carmenere 750ml,2
Vinho Branco 34 Torrontés 750ml,2
Refrigerante H2OH Limoneto Garrafa 1,5L,2
Refrigerante Coca Cola Plus Café Espresso 220ml,2
Whisky Escocês Blended Fine Old White Horse Garrafa 1l,2
Filtrado Doce Brasileiro Rosé Del Sole Garrafa 660ml,2
Refrigerante Guaraná Antarctica Zero Açúcar 200ml,2
Água Saborizada com Gás Crystal Sparkling Frutas Vermelhas 510ml,2
Energético Red Bull Morango e Pêssego 250ml,2
Vinho Chileno Tinto Meio Seco Reservado Cabernet Sauvignon Valle Central Garrafa 750ml,2
Refresco em Pó Trink Abacaxi com Hortelã 15g,2
Espumante Salton Series Brut 750ml,2
Suco Maguary Uva 200ml,2
Vinho Frisante Mondo Rosé 750ml,2
Whisky Escocês Single Malt Dufftown Distillery The Singleton Garrafa 750ml,2
Vinho Zonin Chianti Docg Tinto 750ml,2
Refresco Trink Abacaxi Pacote 15g,2
Néctar Uva Del Valle Caixa 1l,2
Vinho Chileno Rosé Suave Reservado Valle Central  750ml,2
Vinho Brasileiro Branco Seco Campo Largo Serra Gaúcha Garrafa 750ml,2
Refresco em Pó Trink Limão 15g,2
Vinho Tinto Tierra del Fuego Carménère 750ml,2
Chá Leão Ice Tea Limão 1,5L,2
Suco Del Valle 100% Integral Uva 1L,2
Bebida de Soja Ades Maçã 1L,2
Vinho Branco Louis Latour Chardonnay Pouilly-Fuissé 750ml,2
Refresco em pó Tang Uva Intensa 18g,2
Cerveja Eisenbahn Weizenbier Long Neck 355ml,2
Espumante Chandon Riesling Demi Sec 750ml,2
Suco Kapo Laranja 200ml,2
Isotônico Powerade Mix Fruta 500ml,2
Vinho Branco Chalise Seco 750ml,2
Refresco em Pó Trink Morango 15g,2
Vinho Mosquita Muerta Blend 750ml,2
Suco Maguary Fruit Shoot Morango 150ml,2
Vinho Tinto Seco Patagón Carménère 750ml,2
Energético Red Bull Cereja e Frutas Silvestres 250ml,2
Cerveja Pale Ale Puro Malte Eisenbahn Garrafa 355ml,2
Vinho Tinto Patagón Cabernet Sauvignon 750ml,2
Néctar Del Valle Mais Laranja Tetra Pak 1 L,2
Vinho Tinto Quinta Flores 750ml,2
Chá Preto Ice Tea Pêssego Leão Garrafa 450ml,2
Vinho Branco Torrontés Santa Ana 750ml,2
Isotônico Powerade Uva 500ml,2
Vinho Branco Aurora Colheita Tardia 500ml,2
Água Saborizada com Gás Limão Crystal Sabores Garrafa 510ml,2
Suco Maguary Seleção Uva 1,5L,2
Espumante Branco Salton Brut 750ml,2
Refrigerante Antarctica Guaraná Garrafa 2,5L,2
Chá Matte Leão Limão Zero 1,5L,2
Refrigerante Pepsi Cola 200ml,2
Vinho Kaleu Branco Chenin Chardonnay 750ml,2
Vinho Tinto 34 Syrah 750ml,2
Cerveja Spaten Puro Malte 600ml Garrafa,2
Refrigerante Guaraná Antarctica 1,5L Garrafa,2
Cerveja Coronita 210ml Long Neck,2
Suco Concentrado Maguary Abacaxi 500ml,2
Espumante Salton Series Rosé Brut 750ml,2
Energético Red Bull Maracujá e Melão 250ml,2
Cerveja Brahma Zero Lata 350ml,2
Suco Maguary Fruit Shoot Laranja 150ml,2
Refrigerante Refriko Tubaína 300Ml,2
Cerveja Lager Premium Puro Malte Amstel Garrafa 355ml,2
Suco de Abacaxi Kapo 200ml,2
Bebida de Soja Ades Pêssego 1L,2
Vinho Quinta de Bons Ventos Tinto 750ml,2
Refrigerante Sprite Original 220ml,2
Água Mineral Prata Com Gás 510ml,2
Néctar Misto Uva e Maçã sem Adição de Açúcar Del Valle Caixa 1l,2
Refrigerante Fanta Uva 220ml,2
Refrigerante Limão Sprite Garrafa 600ml,2
Isotônico Powerade Frutas Tropicais Garrafa  500ml,2
Energético Red Bull  Blueberry e Baunilha The Winter Edition 250ml,2
Água Saborizada Crystal Sparkling Tangerina e Capim Limão 510ml,2
Suco de Maçã Clarificado sem Adição de Açúcar Del Valle Caixa 1l,2
Água Mineral São Lourenço sem Gás 300ml,2
Refrigerante Soda Limonada Antarctica Garrafa 2L,2
Espumante Salton Series Demi Sec 750ml,2
Vinho Tinto Patagón Merlot 750ml,2
Suco Purity Soja Original 1L,2
Água de Coco Puro Coco 1L,2
Suco Kapo Maçã 200ml,2
Refrigerante Sukita Uva Garrafa 2L,2
Vinho Tinto 34 Malbec 750ml,2
Refrigerante Fanta Guaraná 2L,2
Whisky Escocês Blended Blue Label Johnnie Walker Garrafa 750ml,2
Água de Coco Sococo 200ml,2
Vinho Tinto Valdivieso Merlot Seco 750ml,2
Cerveja Itaipava 350ml,2
Isotônico Powerade Limão 500ml,2
Vinho Tinto Torres Sangre de Toro 750ml,2
Vodka Natasha 900ml,2
Água Tônica Antarctica Garrafa 1L,2
Suco Del Valle Frut Uva 450ml,2
Refrigerante Pepsi Cola 1,5L,2
Cerveja Patagonia Weisse Long Neck 355ml,2
Chá Mate Original Matte Leão Garrafa 450ml,2
Refrigerante Refriko Tubaína 2L,2
Suco Néctar Goiaba Purity 1L,2
Néctar Pêssego sem Adição de Açúcar Del Valle Caixa 1l,2
Chá Matte Leão Açaí e Guaraná 300ml,2
Vinho Chileno Reservado Malbec 750ml,2
Refresco Limão sem Açúcar Del Valle Frut Garrafa 1,5l,2
Vinho Tinto Olaria Carmin Suave 750ml,2
Água Tônica Schweppes sem Açúcar 220ml,2
Vinho Tierra Del Fuego Tinto Suave 750ml,2
Cerveja Escura Caracu 350ml Lata,2
Rum Montilla Carta Branca 1L,2
Água Mineral Prata Sem Gás 300ml,2
Água Mineral Voss com Gás Vidro 800ml,2
Bebida Adoçada Uva Maguary Fruit Shoot Caixa 150ml,2
Cerveja Brahma Malzbier Long Neck 355ml,2
Cerveja Heineken Lager Puro Malte Zero Álcool Lata 269ml,2
Chá Verde Leão Limão Zero 450ml,2
Vinho Chileno Branco Meio Seco Reservado Sauvignon Blanc Garrafa 750ml,2
Refrigerante H2OH Limão Garrafa 1,5L,2
Coquetel Alcoólico Composto Bella Roma Lata 473ml,2
Suco Purity  Soja Original Zero 1L,2
Whisky Escocês Blended 12 Anos Grand Old Parr Garrafa 750ml,2
Cerveja Brahma Malzbier 350ml Lata,2
Água de Coco Mais Coco 200ml,2
Vodka Smirnoff 1.750ml,2
Vinho Tinto Sur Andino Invictas Cabernet Sauvignon 750ml,2
Suco de Laranja sem Adição de Açúcar Del Valle Caixa 1l,2
Vinho Brasileiro Branco Suave Campo Largo Serra Gaúcha Garrafa 750ml,2
Cerveja Patagonia Amber Lager Lata 473ml,2
Vinho Tinto Tierra del Fuego Reserva Cabernet Sauvignon 750ml,2
Vinho Tinto Benjamim Nieto Senetiner Malbec 750ml,2
Whisky Americano Bourbon Bulleit Garrafa 750ml,2
Vinho Santa Ana Malbec 750ml,2
Vinho Casal Garcia Verde Sweet 750ml,2
Groselha Xopito 900ml,2
Suco Concentrado Maguary Uva 500ml,2
Suco Campo Largo Integral Uva e Maçã 900ml,2
Suco de Uva Perini Branco 1L,2
Chá Matte com Limão Leão com Gás 290ml,2
Vinho Branco Tierra Del Fuego Suave 750ml,2
Refrigerante Pepsi Lata 350ml,2
Energético Furioso Garrafa 2l,2
Vinho Tinto Conejo Negro Red Blend 750ml,2
Refrigerante Refriko Guaraná 2L,2
Bebida de Soja Ades Maçã 200ml,2
Vinho Branco Santa Helena Chardonnay 750ml,2
Vinho Argentino Trivento Reserve White Malbec 750ml,2
Vinho Tinto Pata Negra Tempranillo Cabernet Sauvignon 750ml,2
Suco de Uva Perini Integral 1 Litro,2
Vinho Tinto Cousino Macul Don Luis Cabernet Sauvignon 750ml,2
Vinho Tinto Perro Callejero Malbec 750ml,2
Refrigerante Guaraná Antarctica Garrafa 3L,2
Vinho Tinto Porto Ferreira Tawny 750ml,2
Bebida de Soja Ades Laranja 1L,2
Licor Amarula Garrafa 750ml,2
Vinho Santa Ana Garrafa 750ml, Cabernet Sauvignon,2
Isotônico Powerade Tangerina 500ml,2
Espumante Garibaldi Ice Prosecco 750ml,2
Vinho Valdivieso Single Vineyard Gran Reserva Cabernet Sauvignon 750ml,2
Chá Mate Limão Matte Leão Garrafa 450ml,2
Energético Sem Açúcar Red Bull Energy Drink Sugarfree, 355 ml,2
Vinho Tinto Monte de Pinheiros Cartuxa 750ml,2
Água Mineral Acqua Panna Toscana sem Gás 250ml,2
Vinho Caoba Tinto Malbec 750ml,2
Refrigerante Refriko Uva 2L,2
Vinho Branco Louis Latour Chardonnay Chablis 750ml,2
Vinho Piscine Rose Garrafa 750ml,2
Vinho Branco Perro Callejero Sauvignon Blanc 750ml,2
Vinho Tinto Tierra del Fuego Gran Reserva Carménerè 750ml,2
Agua Tônica Prata Pink Lemonade 200ml,2
Vinho Caballo Loco Limari 750ml,2
Água Tônica Antarctica Zero Açúcar Garrafa 1L,2
Vinho Tinto Periquita Reserva 750ml,2
Vinho Branco Santa Carolina Reserva Sauvignon Blanc 750ml,2
Vinho Branco Sangre de Toro 750ml,2
Vinho Tinto Foral Douro 750ml,2
Suco Purity Soja Laranja 1L,2
Vermute Martini Rosso 750ml,2
Gin Rock's 995ml,2
Espumante Brut Forum 750ml,2
Vinho Tinto Aliança Alabastro 750ml,2
Vinho Chileno Tinto Seco Reserva Casillero del Diablo Malbec Valle Central Garrafa 750ml,2
Cerveja Lager Puro Malte Gold Therezópolis Lata 350ml,2
Montilla Carta Ouro Rum Nacional 1L,2
Vinho Chileno Tinto Seco Reserva Especial 120 Carménère Valle Central Garrafa 750ml,2
Suco Purity Soja Uva 1L,2
Licor Drikke Dulce Leche Banana 500ml,2
Passport Scotch Whisky Escocês 1L,2
Suco Perini Moscato Branco Uva 300ml,2
Conhaque Presidente 970ml,2
Vinho Carmim Olaria Suave Rose 750ml,2
Vinho Tinto La Linda Malbec 750ml,2
Suco Purity Néctar Misto Laranja e Tangerina 1L,2
Chopp Brasser Safra 1,5L,2
Vinho Valdivieso Sauvignon Blanc Seco 750ml,2
Vinho Chileno Casillero Del Diablo Reserva Rosé 750ml,2
Vinho Tinto Traversa Cabernet Sauvignon Roble Reserva 750ml,2
Vinho Miolo Seleção Rosé Seco 750ml,2
Suco Kapo Frutas Cítricas 200ml,2
Vinho Santa Ana Rosé 750ml,2
Suco De Uva Bordo Perini Garrafa 300ml,2
Vinho Luigi Bosca Malbec Res 2011 750ml,2
Suco Purity Néctar Uva e Maçã 1L,2
Vinho Tinto Benjamim Nieto Senetiner Cabernet Sauvignon 750ml,2
Vinho Tinto Porto Ferreira Ruby 750ml,2
Vinho Traversa Tinto Meio Seco Tannat 750ml,2
Vinho Traversa Seco Sauvig Blanc 750ml,2
Refrigerante Refriko Limão 2L,2
Água Mineral Voss sem Gás Pet 850ml,2
Água de Coco Sococo Mais Tangerina 200ml,2
Cachaça Envelhecida Ypióca Garrafa 700ml Edição Comemorativa de 150 Anos de História,2
Vinho Tinto Chalise Seco 750ml,2
Vinho Tinto Tierra del Fuego Reserva Merlot 750ml,2
Vinho Branco Sottano Torrontés 750ml,2
Vinho Tinto Tierra del Fuego Reserva Carménère 750ml,2
Vinho Tinto Aliança Bairrada Reserva 750ml,2
Vinho Chileno Marques de Casa Concha Carmenere 750ml,2
Vinho Canônico 750ml,2
Bebida 51 Ice Limão Long Neck 275ml,2
Cerveja Eisenbahn Pilsen Puro Malte Unfiltered Garrafa 355ml,2
Vinho Chileno Tinto Meio Seco Reservado Carménère Valle Central Garrafa 750ml,2
Refrigerante Refriko Laranja 200ml,2
Vinho Patagón Sauvignon Blanc 750ml,2
Vinho Chileno Casillero Del Diablo Reserva Carménère 750ml,2
Chopp Brasser IPA 1,5L,2
Chá Preto Ice Tea Limão Leão Garrafa 450ml,2
Vinho Tinto Miolo Reserva Tannat Seco 750ml,2
Bebida Ades Frutas Sabor Pêssego 200ml,2
Vinho Branco Olaria Carmin Suave 750ml,2
Frisante Branco Ponto Nero Freebie 750ml,2
Vinho Tinto Casa Amada Gran Reserva Syrah 750ml,2
Cerveja Lagunitas IPA Long Neck 355ml,2
Aguardente Composta Ypióca Garrafa 700ml,2
Conhaque Domecq Brandy Nacional 1L,2
Vinho Branco Dr. Loosen Riesling Dry Mosel 750ml,2
Vinho Rosé Trivento Reserve Malbec 750ml,2
Vinho Yellow Tail Pink Moscato 750ml,2
Vinho Branco Chalise Suave 750ml,2
Espumante Garibaldi Primicias Demi-Sec 750ml,2
Vinho Tinto 34 Merlot 750ml,2
Vinho Santa Helena Reservado Carmenère 750ml,2
Vinho Amancaya Cabernet Malbec 750ml,2
Espumante Garibaldi Brut Rosé Pinot Noir 750ml,2
Vinho Casillero del Diablo Reserva Red Blend 750ml,2
São Francisco Cachaça Nacional 970ml,2
Refrigerante Sukita Limão 2L,2
Isotônico Powerade Laranja 500ml,2
Vinho Caoba Tinto Cabernet Suavignon 750ml,2
Vinho Branco Marques de Casa Concha Chardonnay 750ml,2
Cerveja Bodebrown IPA Cacau 473ml,2
Vinho Tinto Seco Country Wine 750ml,2
Whisky Escocês Blended Buchanan's Deluxe Garrafa 750ml,2
Vinho Tinto Tierra del Fuego Gran Reserva Cabernet Sauvignon 750ml,2
Vinho Tinto Saint Germain Merlot 750ml,2
Vinho Tinto Country Wine Suave 750ml,2
Chá  Matte Leão Branco Lichia 450ml,2
Vermute Martini Bianco 750ml,2
Vinho Branco Casa Amada Gran Reserva Chardonnay 750ml,2
Chopp Brasser Extra Puro Malte 1,5L,2
Aguardente Jamel com Casco 965ml,2
Vinho Tinto Casa Amada Gran Reserva Carménère 750ml,2
Refrigerante Sukita Laranja Lata 350ml,2
Vinho Branco Country Wine Suave 750ml,2
Suco Salton Uva 500ml,2
Vinho Cartuxa Évora Branco 750 ml,2
Cachaça Ypióca Mestre Garrafa 965ml,2
Vinho Brasileiro Rosado Suave Campo Largo Serra Gaúcha Garrafa 750ml,2
Filé de Peito de Frango Congelado Com Osso Kg,1
Coxa com Sobrecoxa de Frango Congelada Kg,1
Peito de Frango c/ Osso Congelado Kg,1
Carne Bovina Coxão Mole Moido Kg,1
Filé de Tilápia C. Vale Congelado 800g,1
Filé Copacol Sassami Congelado 800g,1
Filé de Tilápia Copacol 800g,1
Filé de Peito de Frango Sassami Copacol Congelado 1kg,1
Filé Mignon Bovino Muffato Foods Kg,1
Filé de Salmão Chileno Congelado Kg,1
Carne Bovina Filé Mignon A Vácuo Kg,1
Camarão 7 Barbas Mar E Rio Limpo Congelado 400g,1
Filé de Salmão Fresco Kg,1
Filez C Vale Frango Iqf Cong 1Kg,1
Filé de Salmão Mar E Rio Pedaço Congelado 300g,1
Coxinha C Vale Da Asa Iqf 1Kg,1
Carne Moída Bovina de Primeira Kg,1
Bacon Muffato Foods Seara Manta Defumado Kg,1
Linguiça Seara Fininha Defumada 215g,1
Alcatra Bovina Bife Kg,1
Carne Bovina Moída Patinho Muffato Foods 320g,1
Bacon Seara Extra Paleta Muffato Foods  Kg,1
File Lar Tilapia 700G,1
Linguiça Calabresa Alegra Muffato Foods Kg,1
Carne Bovina Coxão Mole Peça Kg,1
Empanado de Frango Filezinho Sassami Temperado Sadia Pacote 400g,1
Pernil Suíno Seara com Osso kg,1
Filé Mignon Suíno Seara Bife kg,1
Linguiça Perdigao Toscana Apimentada na Brasa 700g,1
Linguiça Apimentada Grill Congelada Muffato Foods Kg,1
Filez Aurora Mignon Suino Kg,1
Bolinho Costa Sul Tilapia 270G,1
Jerked Cambui Beef Dianteiro 400G,1
Kit Costa Sul Paella 300G,1
Bacalhau Costa Sul Desfiado Dessalgado 500G,1
Paleta Suína Seara kg,1
Musculo Bovino Traseiro Granel Muffato Foods kg,1
Costeleta Suína Seara Kg,1
Coxão Mole Bovino Bife Kg,1
Carne Bovina Steak Grill Muffato Foods Congelada Kg,1
Peito de Frango Copacol Temperado Cozido e Desfiado 400g,1
Fraldinha Bovina a Vácuo Kg,1
Alcatra Bovina Peça Kg,1
Frango a Passarinho C. Vale Congelado 1kg,1
Carne Bovina Contra Filé Sem Osso a Vácuo Kg,1
Meio da Asa Copacol Frango Congelado 800g,1
Filé de Tilápia C. Vale Congelado 400g,1
Carne Bovina Músculo a Vácuo Kg,1
Filé de Peito de Frango Lar Congelado 1kg,1
Filezinho empanado crocante Seara 400g,1
Linguiça Pernil Granel Muffato Foods Kg,1
Coxinha da Asa Copacol Frango IQF 800g,1
Bacon Manta Muffato Foods Frimesa Pedaço Kg,1
Bacon Muffato Foods Manta Sadia  Kg,1
Carne Moída Paleta Bovina Kg,1
Acém com Osso Kg,1
Linguiça Calabresa Muffato Foods Perdigão Kg,1
Linguiça Calabresa Muffato Foods Sadia Kg,1
Coxa  e Sobrecoxa à Passarinho Copacol Congelada 800g,1
Bacon Fatias Seara Gourmet 250g,1
Bacon Manta Muffato Foods Defumado  Kg,1
Coxão Mole Bovino para Strogonoff Kg,1
Bisteca Bovina sem Filé Kg,1
Filézinho de Frango Lar Sassami Congelado 1kg,1
Carne Bovina Miolo De Alcatra A Vacuo Kg,1
Frango Seara Inteiro Congelado Kg,1
Peito de Frango Cozido Desfiado Sadia Congelado 400g,1
Lombo Temperado Suíno Muffato Foods Kg,1
Picanha Bovina a Vácuo Kg,1
Coração de Frango Congelado Perdigão na Brasa 500g,1
Carne Bovina Ponta de Peito com Osso Peça Kg,1
Carne Bovina Ancho Muffato Foods Kg,1
Linguiça Frimesa Toscana Resfriada Kg,1
Coxinha da Asa Resfriada Temperada Muffato Foods Kg,1
Linguiça Mista Cozida E Defumada Fininha Sadia 215g,1
Carne Moída Bovina de Segunda Kg,1
Posta de Tilápia C. Vale Congelado 800g,1
Músculo Bovino Moído kg,1
Coxinha da Asa de Frango Lar Congelada 1kg,1
Filé de Merluza Mar e Rio Congelado 800g,1
Sobrecoxa Copacol Frango sem Pele Resfriado 600g,1
Peito Sadia Peru Light Def Muffato Foods Fatiado 200g,1
Coxinha da asa Seara IQF 1kg,1
Linguiça Toscana Aurora 700g,1
Carne Bov Posta Vermelha Granel Mf Kg,1
Costela Bovina Especial Kg,1
Carne Bovina Steakhouse Baby Beef Montana Kg,1
Contra Filé Bovino Kg,1
Contra Filé Bovino Noix Kg,1
Bife Light de Coxão Mole Bovino Kg,1
Carne Bov Bife Paris Coxao Mole  Kg,1
Picanha Bovina Tipo Peca Kg,1
Costela Muffato Foods Defumada Rainha Paz Kg,1
Petisco de Frango Copacol Congelado Temperado 1kg,1
Filé de Merluza Mar e Rio Argentina Congelada 400g,1
Linguiça Calabresa Muffato Foods Seara Kg,1
Paleta S/ Osso Peça Kg,1
Pé De Frango Kg,1
Picanha Bovina Muffato Foods Kg,1
Coxa Sobrecoxa Copacol Sem Osso Sem Pele 600g,1
Meio da Asa de Frango Muffato Foods kg,1
Bacalhau Porto Gadus Macrocephalus 11/15 Kg,1
Kani Kama Mar e Rio Congelado 250g,1
Paleta Bovina sem Osso a Vácuo Kg,1
Posta de Tilápia Copacol Congelado 800g,1
Panceta Suína Temperada Muffato Foods Kg,1
Acém Bovino sem Osso Peça kg,1
Bacon Manta Muffato Foods Perdigão Fatias Finas Kg,1
Kit para Feijoada Muffato Foods Kg,1
Picanha Suína Temperada Muffato Foods Kg,1
Linguiça de Pernil Muffato Foods 800g  kg,1
Bisteca Suína Congelada Inteira Kg,1
Sobrecoxa Resfriada Temperada Muffato Foods Kg,1
File Tilapia Fresc Bdj Kg,1
Bacon Perdigão Manta Muffato Foods Cubos Kg,1
Carne Ovina La Parrilla Costela Congelada Kg,1
Linguiça Paio Muffato Foods Curada Perdigão Kg,1
Coxão Mole a Vácuo Kg,1
Carpaccio Carapreta 200g,1
Chateaubriand De Patinho Bovino Kg,1
Pernil de Cordeiro Kg,1
Frango Inteiro Resfriado Big Frango Kg,1
Jerked Suíno Seara 400g,1
Sobrecoxa Sadia Temperada Congelada 800g,1
Camarão Marpex Congelado 300g,1
Carne Bovina Posta Branca Granel Muffato Kg,1
Acém Bovino s/ Osso a Vácuo Kg,1
Cação em Postas Mar e Rio Congelado 800g,1
Coxão Mole para Strogonoff Temperado Kg,1
Almôndega Bovina Crua Kg,1
Meio da Asa Frango Temperado Kg,1
Peixe Lombo de Cação Mar e Rio Pedaço Congelado 300g,1
Linguiça Villa Germania Pato 500g,1
Carne Bovina Capa Coxão Mole,1
File Korin Coxa Csob Spele Cong Org 600g,1
Frango Caipira Super Muffato Inteiro Resfriado Kg,1
Pé Suíno Muffato Foods Salgado Frimesa Kg,1
Linguiça Toscana Perdigão Na Brasa com Queijo Coalho 600g,1
Botões de Lula Mar e Rio Congelado 300g,1
Kani Kama Damm 250g,1
Bananinha Bovina a Vácuo Kg,1
Sardela Damm 120g,1
Ovas Damm De Capelin Preta 100g,1
Ovas De Capelin Vermelho Damm 100g,1
Lombo tipo Canadense Seara Gourmet Kg,1
Peito de Frango Seara Defumado Fatiado Kg,1
Bacalhau Oceani Grande 11/15 Com Pedaços Peça Kg,1
Filé de Robalo Mar E Rio em Pedaços 300g,1
Peixe Lombo de Pirarucu Mar e Rio Pedaço Congelado 300g,1
Peixe Lombo de Atum Mar e Rio Pedaço Congelado 300g,1
Mexilhão Mar E Rio Desconchado Congelado 250g,1
Filé de Peixe Abadejo Mar e Rio Congelado 300g,1
Filé de Pescada Amarela Mar e Rio 300g,1
Camarão Qualimar Descascado 21/25 Esvicerado 250g,1
Máscara Suína Muffato Foods Frimesa Com Orelha Salgada Kg,1
Manjuba Mar e Rio Inteira Congelado 400g,1
Bacalhau Porto Gadus Macrocephalus 11/15kg,1
Pato em Pedaços Villa Germania Congelado 1,2Kg,1
Peito de Frango Sadia Light Fatiado Kg,1
Costela Suína Seara Gourmet ao Molho Barbecue 1Kg,1
Picanha Bovina Bassi Kg,1
Carne Suin Lombo Granel Mf Kg,1
Carne Bovina Maturatta Prime Rib Congelada Kg,1
Carne Bovina Maturatta T Bone Congelada Kg,1
Carne Bovina Maturatta Assado Tiras Congeladas Kg,1
Ervilha congelada Seara Nature 300g,1
Pão de Queijo Forno de Minas Tradicional 400g,1
Tekitos Seara Tradicional 300g,1
Anéis de Cebola Lar 400g,1
Empanado Chicken Crispy Tradicional Seara 300g,1
Pizza Seara Frango com Catupiry 460g,1
Hambúrguer Bovino Seara 672g,1
Nhoque Mezzani Batata 500g,1
Sorvete Nestlé Napolitano Tradicional 1,5L,1
Empanado de Frango Sadia Nuggets com Queijo 300g,1
Hambúrguer de Linguiça Toscana Frimesa 540g,1
Sorvete Freddo Chocolate Belga Trufado 500ml,1
Sorvete  Freddo Torta Belga 500ml,1
Sorvete Freddo Pistacchio 500ml,1
Sorvete  Freddo Doce Leite com Chocolate Trufado  500ml,1
Sorvete Freddo Ciocco Bamb Bianco 500ml,1
Sorvete Freddo Crocante Di Gianduia 500ml,1
Sorvete Freddo Cocco Non Zucchero 500ml.,1
Sorvete Freddo Ruby Di Bosco 500ml,1
Sorvete Freddo Vaniglia Bourbon 500ml,1
Chocobites Palanda Framboesa Mergulhada em Chocolate Amargo e Chocolate Branco Pote 120g,1
Chocobites Palanda Framboesa Mergulhada em Chocolate ao Leite e Chocolate Branco Pote 120g,1
Hambúrguer de Carne Bovina Picanha Perdigão na Brasa Pacote 150g,1
Hambúrguer de Carne Bovina Costela Perdigão na Brasa Pacote 150g,1
Batata Pré Frita Mccain Hashtag Extracrocante Congelada 450g,1
Lasanha Bolonhesa Seara Air Fryer Caixa 300g,1
Lasanha 4 Queijos Seara Air Fryer Caixa 300g,1
Pizza Calabresa Seara Air Fryer Caixa 250g,1
Pizza Bacon e Milho Seara Air Fryer Caixa 250g,1
Batata Pré Frita Mccain Dip Extracrocante Congelada 450g,1
Escondidinho Carne Moída Seara na Panelinha Pote 300g,1
Batata Pré-Frita Congelada Extracrocante McCain Airfryer 600g,1
Pizza Mussarela Seara Air Fryer Caixa 220g,1
Lasanha Frango Seara Air Fryer Caixa 300g,1
Salsicha Defumada Seara Air Fryer 250g,1
Arroz Carreteiro Seara Panelinha 300g,1
Peito de Chester Perdigão Desfiado 400g,1
Hambúrguer de Carne Bovina Seara Air Fryer Pacote 150g,1
Caldinho Congelado Feijão Seara na Panelinha Pote 300g,1
Hambúrguer Bovino Perdigão Na Brasa 540g,1
Feijoada Com Calabresa Na Panelinha Seara 300g,1
Fricassê de Frango Na Panelinha Seara 300g,1
Sardinha Mar E Rio Laje Congelado Espalm 400G,1
Mini Hot Dog Coreano Seara 245g,1
Bombom  Franuí Pink Coberto com Chocolate Branco 150g,1
Pastel Zerou Assado Presunto e Queijo Sem Gluten 280g,1
Coxinha Zerou Carne Sem Gluten 320g,1
Esfirra Zerou Carne Sem Gluten 300g,1
Coxinha Zerou Frango Sem Gluten320g,1
Peixe Casta Sul Corvina Int Congelado Kg,1
Batata Pré-Frita Tradicional Congelada McCain 720g,1
Pão de Alho Santa Massa Tradicional 400g,1
Nuggets frango tradicional 300g Sadia,1
Frango de Padaria a Passarinho Temperado Seara IQF 1kg,1
Empanado de Frango Seara Recheio Presunto e Queijo 110g,1
Pão de Alho Delizza Tradicional 300g,1
Pão de Queijo Catupiry Tradicional Recheado 390g,1
Empanado de Frango Sadia Nuggets Crocante 300g,1
Pão de Queijo D'Alpinos Tradicional 400g,1
Lasanha bolonhesa 600g Perdigao,1
Ervilha Lar 300g,1
Mix de Vegetais Sadia Congelado 300g,1
Waffle Forno de Minas Congelado 280g,1
Sorvete Nestlé Flocos Tradicional 1,5L,1
Lasanha bolonhesa Sadia pacote 600g,1
Ervilha Congelada Sadia Veg e Tal 300g,1
Iscas de frango tradicional empanado crocante Seara 300g,1
Brócolis Copacol 300g,1
Polpa de Fruta Polpanorte Morango 100g,1
Milho Verde Copacol Congelado 300g,1
Hambúrguer Texas Burger 672g,1
Lasanha quatro queijos Sadia pacote 600g,1
Lasanha bolonhesa Seara 600g,1
Polpa de Fruta Polpanorte Abacaxi 100g,1
Polpa de Fruta Polpanorte Abacaxi com Hortelã 100g,1
Lasanha à Bolonhesa Forno de Minas Congelada 600g,1
Seleta mista congelada Seara Nature 300g,1
Empanado de frango peito em tiras Sadia empanadíssimo pacote 400g,1
Pão de Queijo Forno de Minas Lanche Congelado 820g,1
Polpa de Fruta Polpanorte Uva 100g,1
Morango Baumfruit Cong 100g,1
Lasanha Sadia Peito de Peru 600g,1
Mini chicken frango tradicional 275g Perdigão,1
Fettuccine Ao Molho Bolonhesa Com Queijo Parmesão Ralado Perdigão Meu Menu Pacote 300g,1
Pão de Queijo Forno de Minas Receita Caseira Air Fryer 400g,1
Pizza 4 Queijos Sadia 460g,1
Polpa de Fruta Polpanorte Goiaba 100g,1
Brócolis Florete Congelado Seara Nature 300g,1
Fettuccine Com Peru E Brócolis Meu Menu Perdigão 300g,1
Polenta Palito Lar Congelado 400g,1
Pizza Calabresa Sadia 460g,1
Mac'n Cheese Cheddar&Bacon Sadia Pote 300g,1
Sanduíche Hot Pocket Sadia X-Picanha 145g,1
Pão de Alho Santa Massa com Pimenta 400g,1
Big Chicken Frango com Queijo 1kg Perdigão,1
Pizza Seara Quatro Queijos 460g,1
Pão de Alho Zinho Tradicional 300g,1
Pão de Queijo D'Alpinos Lanche 1Kg,1
Lasanha de Frango Seara 600g,1
Lasanha de calabresa Seara 600g,1
Sanduíche Hot Pocket Sadia X-Bacon 145g,1
Sobremesa Raffinée Petit Gateau Chocolate 80g,1
Mix Lar Vegetais 300g,1
Polpa de Frutas Polpanorte Suco Verde 100g,1
Lasanha Perdigão Calabresa 600g,1
Brócolis Lar Congelado 1,1kg,1
Pizza frango catupiry Sadia 460g.,1
Macarrão ao Molho Sugo com Mini almôndegas Sadia Hot Bowls Pote 300g,1
Hot Pocket Sadia Frango 145g,1
Mini Perdigão Chicken Queijo 275g,1
Macarrão ao Molho Branco com Queijo, Brócolis e Bacon Sadia Hot Bowls Pote 300g,1
Seleta Lar Legumes 300g,1
Empanado de Frango Queijo Nacho Sadia Xtreme Empanacho Pacote 275g,1
Sanduíche Hot Pocket Sadia X-Burguer 145g,1
Lanche Seara Hot Hit X-Burguer com Molho Barbecue 145g,1
Pudim Holandês 125g,1
Lasanha Copacol à Bolonhesa 600g,1
Iscas tradicional Sadia 300g,1
Mac'n Cheese Cheddar&Calabresa Sadia Pote 300g,1
Empanado Sadia Veg&Tal Couve-Flor Wings 275g,1
Almôndega Incrível! 100% Vegetal 256g,1
Escondidinho de carne moída e purê de batata 600g Sadia,1
Empanado Sadia Veg&Tal Nuggets de Legumes 275g,1
Pão de Queijo Forno de Minas Formato Waffle 400g,1
Lanche Sadia Veg&Tal sabor cheddar 145g,1
Pão Mezzani  Recheio com Massa de Linguiça Toscana e Queijo Mussarela  Gourmet  400g,1
Polenta Chef Foods Palito Cong 500g,1
Sobremesa Mr Bey Petit Gateau 240g,1
Guioza Long Way Carne Bovina 240g,1
Yakisoba 600g Sadia,1
Coxinha Miss Laura  de Legumes Sem Glúten 300g,1
Marmita Liv Up Congelada, Canja com Peito de Frango, 350g,1
Lasanha Copacol Quatro Queijos 600g,1
Isca de Peixe Incrível! 100% Vegetal 300g,1
Coxinha da Asa Tradicional Congelada 400g,1
Coxinha da Asa Barbecue Air Fryer Seara 400g,1
Coxinha da Asa Apimentada 400g da Seara,1
Sopa Zerou Legumes Com Carne Sem Gluten 450g,1
Bolinho de Bacalhau Mar e Rio 360g,1
Dadinho de Tapioca Haru's Sabor Calabresa 300g,1
Sorvete Cookies e Cream Häagen-Dazs Pote 100ml,1
Sorvete Belgian Chocolate Häagen-Dazs Pote 100ml,1
Sorvete Dulce de Leche Häagen-Dazs Pote 100ml,1
Pastel Miss Laura Legumes com Chia 240g,1
Tartelete Arosa Mil Folhas 100g,1
Mini Tortinha Arosa Mil Folhas 100g,1
Pernil Sadia Recheado com Calabresa kg,1
Prato Pronto Eats Good Dobradinha 350g,1
Prato Pronto Eats Good Lasan Bolon 350g,1
Prato Pronto Eats Good Feijoada 350g,1
Linguiça Toscana Congelada Frimesa Pacote 5kg,1
Sabonete Barra Hidratante Leite Nivea Flow Pack 85g,3
Creme Dental Colgate Menta Original  Tripla Ação 180g Preço Especial,3
Sabonete em Barra Dove Original 90g 6 unidades,3
Sabonete Flor de Ypê Rosas Brancas e Avelã 85g,3
Creme Dental  Closeup Menta Tripla Proteção 70g,3
Sabonete Flor de Ypê Gardênia e Argan 85g,3
Creme Dental Sorriso Tripla Limpeza Completa 70g,3
Hastes Flexíveis Cotonetes 150un,3
Sabonete Barra Hidratante Erva-Doce & Óleos Nivea Flow Pack 85g,3
Creme Dental Colgate Tripla Ação Menta Original 90g,3
Kit Shampoo e Condicionador Dove UV Repair,3
Shampoo Dove Uv Repair Glow + Ferúlico 370Ml,3
Coat Finalizador Tresemmé Selagem Impermeabilizante Frasco 180ml Spray,3
Sérum Óleo Tratamento Seda Toque de Seda Frasco 60ml Pump,3
Creme Dental Sorriso Dentes Brancos 120g,3
Dove Máscara Capilar 2 em 1 Reconstrução + Aminoácido 500g,3
Absorvente com Abas Antibacteriano Ultrafino Intimus Pacote 28 Unidades Leve Mais Pague Menos,3
Sabonete Líquido Flor de Ypê Flor de Maçã e Framboesa Refil 200ml,3
Creme Dental Sorriso Tripla Limpeza Completa Caixa 120g,3
Creme Dental Sorriso Dentes Brancos 90g,3
Sabonete Líquido Flor de Ypê Rosas Brancas e Avelã 250ml,3
Creme Dental Sorriso Fresh Hortelã Explosion 90g,3
Creme Dental Sorriso Fresh Menthol Impact 90g,3
Kit Elseve Longo dos Sonhos Shampoo 375ml + Condicionador 170ml,3
Creme Dental Gel Sorriso Fresh Xtra Mint 90g,3
Gel Dental Sorriso Xtreme Fresh 120g,3
Creme Dental Sorriso Dentes Brancos 180g,3
Gel Dental Carvão Ativado Sorriso  90g,3
Pack Gel Dental Carvão Ativado Anticárie com Flúor Sorriso Branco Irresistível 90g,3
Fralda Descartável Infantil Huggies Supreme Care G Pacote 58 Unidades,3
Sabonete Flor de Ypê Suave Flor De Baunilha e Amêndoas 85g,3
Sabonete Flor de Ypê Flor de Maçã e Framboesa 85g,3
Condicionador Dove UV Repair + Ferúlico 250ml,3
Máscara de Tratamento Seda Cachos Definidos Pote 300g,3
Hidrantante Flor de Ypê Agua de Coco e Aloe Vera 400ml,3
Hidratante Corporal Flor De Ypê Água De Coco E Aloe Vera 200ml,3
Hidratante Flor de Ypê Ameixa e Flor de Lótus 400ml,3
Hidratante Corporal Flor de Ypê Ameixa e Flor de Lótus 200ml,3
Sabonete Flor de Ypê Frésia e Pêssego 85g,3
Sabonete Flor de Ypê Água de Coco e Alecrim 85g,3
Esponja para Banho Pórus Limppano Sortidas Un,3
Esponja para Banho Dupla Face com Cordão Infusão de Amêndoas Pórus Sensation,3
Repelente Repelex Family Care Loção 100ml,3
Repelente Repelex Family Care Loção 200ml 25% de Desconto,3
Creme Dental Antitártaro Sensodyne Proteção Completa+ Caixa 90g,3
Shampoo L'oréal Paris Elseve Liso dos Sonhos Frasco 400ml,3
Condicionador L'oréal Paris Elseve Liso dos Sonhos Frasco 400ml,3
KIT SEDA SH+COND UN, LISO PERF, .,3
Creme Dental Cool Mint Oral-B Extra Branco Caixa 180g Leve Mais Pague Menos,3
Desodorante Aerossol Raspberry & Rose Dove All Body Deo 150ml Spray,3
Kit Shampoo 300ml + Condicionador 190ml Seda Luminous Uv,3
Shampoo Seda Toque de Seda Frasco 300ml,3
Desodorante Aerossol Bozzano Masculino Antibac Fresh 200ml,3
Shampoo Tresemmé Blindagem Antiumidade Frasco 650ml Pump,3
Condicionador Antiquebra Pantene Biotinamina B3 Antiqueda & Nutrição Frasco 510ml Pump,3
Condicionador L'oréal Paris Elseve Liso dos Sonhos Frasco 200ml,3
Shampoo L'oréal Paris Elseve Liso dos Sonhos Frasco 200ml,3
Tratamento Intensivo Alinhador L'oréal Paris Elseve Liso dos Sonhos Pote 300g,3
Aparelho Descartável para Barbear Gillette Prestobarba3 Carbono 4 Unidades Pague Menos,3
Condicionador Seda Luminous UV Frasco 300ml,3
Shampoo Pantene Biotinamina B3 Antiqueda & Nutrição Frasco 300ml,3
Creme Dental Colgate Luminous White, 70g Correção de Cor,3
Desodorante Frutas Vermelhas Monange 200ml,3
Pack Sabonete Barra de Glicerina Rosas Francesas Lux Botanicals Envoltório 6 Unidades 85g Cada Leve Mais Pague Menos,3
Pack Sabonete Barra de Glicerina Buquê de Jasmim Lux Botanicals Envoltório 6 Unidades 85g Cada Leve Mais Pague Menos,3
Antitranspirante Aerossol Refrescante Old Spice 250ml Spray Leve Mais Pague Menos,3
Condicionador Tresemmé Blindagem Antiumidade Frasco 400ml,3
Kit Seda Colágeno E Vitamina C Shampoo + Condicionador 325ml,3
Absorvente com Abas para Escapes de Urina Poise Noturno Pacote 8 Unidades,3
Kit Seda Ceramidas Shampoo 300ml + Condicionador 190ml,3
Desodorante Aerossol Lavender & Camomile Dove All Body Deo 150ml Spray,3
Antitranspirante Aerossol Masculino Adidas  Fresh Endurance 150ml Spray,3
Kit Seda Shampoo 300ml + Condicionador 190ml Babosa,3
Desodorante Dove Aerossol Fresh Care Pêssego & Leite De Arroz 150ml,3
Antitranspirante Roll-On Nivea Men Deep Carvão Ativado 50ml,3
Aparelho Recarregável e Carga para Depilar Pele Sensível Gillette Venus,3
Desodorante Stick Rexona Powder Dry 45g,3
Antitranspirante Roll-On Nivea Derma Control Uniformiza 50ml,3
Escova Dental Média Oral-B 1-2-3 Clean 4 Unidades,3
Desodorante Rexona Stick Tropical Citrus Dry 45g,3
Antitranspirante Aerossol Vip Old Spice 250ml Spray Leve Mais Pague Menos,3
Kit Seda Cachos Definidos Shampoo + Condicionador 325ml,3
Condicionador Antiquebra Pantene Biotinamina B3 Antiqueda & Nutrição Bisnaga 250ml,3
Absorvente Intimus Noturno Suave Com Abas Com 45un,3
Desodorante Creme Rexona All Body Deo Ocean Rush 75g,3
Antitranspirante Aerossol Brisa do Mar Old Spice 250ml Spray Leve Mais Pague Menos,3
Carga de Aparelho para Depilar Pele Sensível Gillette Venus 4 Unidades,3
Antitranspirante Roll-On Nivea Derma Control Defende 50ml,3
Protetor Térmico Tresemmé Frasco 110ml Spray,3
Antitranspirante Roll-On Nivea Derma Control Restaura 50ml,3
Shampoo Seda Luminous UV Frasco 300ml,3
Hidratante  Antissinais Monange Hialurônico Frasco 200ml,3
DESOD DOVE BARRA 45G, INV DRY, .,3
Desodorante Aerossol Rexona All Body Deo Active Fresh 150ml Spray,3
Kit 1 Aparelho Recarregável + 2 Carga para Barbear Gillette Mach3 Carbono,3
Desodorante Creme Rexona All Body Deo Wild Rose 75g,3
Antitranspirante Aerossol Monange 200ml Tamanho Econômico,3
Antitranspirante Aerossol Amadeirado Old Spice 250ml Spray Leve Mais Pague Menos,3
Creme para Pentear Pantene Queratina Preenche & Blinda Frasco 240g,3
Fralda Descartável Infantil Pampers Confort Sec XXXG Pacote 44 Unidades Leve Mais Pague Menos,3
Creme para Pentear Pantene Colágeno Hidrata & Resgata Frasco 240g.,3
Desodorante Aerosol Monange Flor De Lavanda 200ml,3
Creme de Tratamento Loreal L'Oréa Elseve Colageno 300g,3
Condicionador e Máscara Huggies Kids Super Crespinhos Frasco 360ml,3
Desodorante Creme Raspberry & Rose Dove All Body Deo 75g,3
Shampoo Huggies Kids Super Crespinhos Frasco 360ml,3
Gel de Limpeza Facial Suave e Profunda Antioleosidade Monange Bisnaga 120g,3
Creme para Pentear L'oréal Paris Elseve Liso dos Sonhos Frasco 250ml,3
Desodorante Aerossol Aloe & Bamboo Dove Men+Care All Body Deo 150ml Spray,3
Shampoo Elsève Hydra-Max Colágeno 200ml,3
Kit Seda Prebióticos + Biotina Shampoo 300ml + Condicionador 190ml,3
Creme para Pentear Antiquebra Pantene Biotinamina B3 Antiqueda & Nutrição Frasco 240g,3
Sabonete Barra Lavanda Francis Intenso Envoltório 85g,3
Sabonete Barra Rosas Francis Intenso Envoltório 85g,3
Shampoo Palmolive Luminous Oils Fortalece e Protege  350ml,3
Sabonete Barra Jasmim Francis Intenso Envoltório 85g,3
Hastes Flexíveis Cotonetes Johnson & Johnsons 75 Unidades,3
Lenços Umedecidos Neve Toque da Seda Leve 4un Pague 3un,3
Creme Dental Colgate Total 12 Whitening 90g,3
Creme Dental  Closeup Menta Americana Tripla Proteção 70g,3
Creme Dental Colgate Total 12 Anti-Tártaro 90g com 3un,3
Lenços Umedecidos Neve Toque de Seda com 48 un,3
Sabonete Barra Vegetal Odor de Rosas Phebo Envoltório 90g,3
Sabonete Johnson's Nutri Spa Amêndoas 80g,3
Fralda Descartável Infantil Huggies Supreme Care XXG Pacote 54 Unidades,3
Sabonete Premisse Líquido Erva Doce Soft Perolado 1L,3
Sabonete em Barra Dove Original 90g,3
Sabonete Barra Lírio d'Água Francis Intenso Envoltório 85g,3
Creme Dental Closeup Carvão Ativado Menta 85g,3
Sabonete Palmolive Frescor Nutritivo Tangerina e Alecrim 85g,3
Fio Dental Johnson's Reach Essencial Menta 100m,3
Sabonete Francis Brasilidades Capim-Limão 80g,3
Sabonete Francis Equilíbrio Erva-Doce 85g,3
Antitranspirante Aerossol Active Dry 72h Rexona Men 150ml,3
Kit Shampoo 375ml + Condicionador 170ml L'oréal Paris Elseve Glycolic Gloss,3
Shampoo Anticaspa Clear Men Limpeza Diária 2 em 1 400ml,3
Toalhas Umedecidas Meu Bebê Ultra com 100un,3
Sabonete Barra Vegetal Amazonian Phebo Envoltório 90g,3
Sabonete em Barra Lux Botanicals Buquê de Jasmim 85g,3
Sabonete Premisse Liquido Eco Blue Perolado 1l,3
Enxaguante Bucal Colgate Plax Odor Control Leve 750ml Pague 500ml,3
Creme Dental Menta Suave Oral-B 1-2-3 Caixa 70g,3
Kit  Sabonete Barra Antibacteriano Original Protex Limpeza Profunda 510g,3
Creme Dental Colgate Máxima Proteção Menta Refrescante 120g,3
Sabonete em Barra Dove Karité e Baunilha 90g 6 unidades,3
Sabonete Francis Rosa Branca e Patchouli 90g,3
Sabonete Francis Brasilidades Água de Coco 80g,3
Sabonete em Barra de Glicerina Phebo Toque de Lavanda 90g,3
Sabonete Líquido Laevia Hidratante Camomila 1L,3
Antitranspirante Aerossol Xtracool Rexona Men 150ml,3
Desodorante Aerosol Dove Men+Care Sem Perfume 150ml,3
Aparelho De Barbear Gillette Ultragrip Móvel 2 Unidades,3
Sabonete Nivea Hidratante Aveia 85g,3
Sabonete Francis Brasilidades Amora 80g,3
Absorvente Noturno Mili Cobertura Suave com Abas 32un,3
Kit Sabonete Barra Antibacteriano Macadâmia Protex Nutri Protect 510g,3
Kit Shampoo 350ml + Condicionador 175ml Pantene Restauração,3
Kit Shampoo 350ml + Condicionador 175ml Tresemmé Hidratação Profunda,3
Hastes Flexíveis Mili com 75un,3
Sabonete Palmolive Frescor Nutritivo Tangerina e Alecrim 150g,3
Antitranspirante Aerossol Rexona  Invisible 150ml,3
Sabonete Liquido Lux Botanicals Orquídea Negra Refil 200ml,3
Desodorante Antitranspirante Aerosol Dove Original 150ml,3
Sabonete em Barra Lux Botanicals Orquídea Negra 85g,3
Creme Dental Colgate Total 12 Advanced Fresh 90g,3
Sabonete Líquido Lux Botanicals Lavanda Refil 200ml,3
Enxaguante Bucal Zero Álcool Fresh Mint Colgate Plax Frasco Leve 750ml Pague 500ml,3
Sabonete Barra Cremoso Vegetal Limão-Siciliano Phebo Caixa 100g,3
Creme Dental Sensodyne Branqueador Rápido Alívio & Proteção Duradoura 90g,3
Creme Dental Clareador Colgate Luminous White Carvão Ativado 70g 3 unidades,3
Sabonete Francis Brasilidades Manga Rosa 80g,3
Sabonete Barra Hidratante Lavanda & Óleos Nivea Flow Pack 85g,3
Rexona Desodorante Men Impacto Aerosol 150ml,3
Listerine Cool Mint Enxaguante Bucal Sem Álcool, 500mL,3
Sabonete Johnson's Daily Care Erva Doce 80g,3
Antitranspirante Aerossol Rexona  Invisible  Men 150ml,3
Kit Shampoo 300ml + Condicionador 150ml Pantene Queratina Preenche & Blinda,3
Sabonete Líquido Laevia Hidratante Flor de Açaí 1L,3
Sabonete em Barra Lux Botanicals Rosas Francesas 85g,3
Creme Dental Xtra White Colgate Tripla Ação Caixa 120g,3
Desodorante Aerosol Monange Invisible 150ml,3
Absorvente Externo Sempre Livre Conforto Noturno Suave, 32un Leve Mais Pague Menos,3
Sab Liq Premisse 1l, Acaicam,,3
Creme Dental Colgate Total 12 Carvão Ativado 90g,3
Antitranspirante Aerossol sem Perfume Rexona Men 150ml,3
Absorvente Mili Confort Com Abas Suave Leve 16 Pague 14 Unidades,3
Sabonete Palmolive Hidratação Refrescante Melancia e Lichia 150g,3
Sabonete Líquido Francis Verbena da Sicília 250ml,3
Sabonete Francis Brasilidades Acerola 80g,3
Pack Creme Dental Oral-B 3D White Brilliant Fresh Caixa 70g Cada Leve 3 Pague 2 Unidades,3
Antitranspirante Rexona Men V8 150 ml,3
Lenços Umedecidos Neve Supreme 48Un,3
Sabonete Barra Hidratante Nivea Creme Care Caixa 90g,3
Antitranspirante Aerossol Proteção Total Dove Men+Care 250ml,3
Absorvente Mili Noturno com Abas Leve 16un Pague 14un,3
Sabonete Líquido Dove Delicious Care Leite de Coco 250ml,3
Fralda Descartável Infantil Pampers Confort Sec XG Pacote 58 Unidades Leve Mais Pague Menos,3
Sabonete Dove Líquido para as Mãos Dove Micelar Anti Stress - Edição Limitada 250ml,3
Creme Dental Sensodyne Proteção Completa+ 90g,3
Pack Creme Dental  Colgate Máxima Proteção Anticáries 70g,3
Creme Dental Infantil DentalCleanLiga da Justiça 50g,3
Sabonete Francis Lavanda e Âmbar 90g,3
Desodorante Antitranspirante Roll-On Dove Invisible Care 50ml,3
Sabonete Barra Vegetal Lima da Pérsia Phebo Envoltório 90g,3
Creme Dental Clareador Colgate Luminous White Brilliant 70g,3
Fio Dental Johnson's Reach Expansion Plus Menta 50m,3
Escova de Dente Sorriso Tripla 1 2 3 com 3un,3
Sabonete Líquido Íntimo Fresh Nivea Comfort Frasco 250ml,3
Sabonete Líquido para as Mãos Lux Botanicals Capim-Limão & Frangipani Refil 500ml,3
Sabonete Francis Brasilidades Lima Doce 80g,3
Fio Dental DentalClean Menta Leve 130 Pague 100m,3
Creme Dental  Closeup Hortelã Tripla Proteção 70g,3
Sabonete Barra Cremoso Vegetal Nectarina da Andaluzia Phebo Caixa 100g,3
Sabonete Líquido para as Mãos Antibacteriano Protex Duo Protect Sachê 900ml Refil,3
Condicionador L'oréal Paris Elseve Glycolic Gloss Frasco 400ml,3
Sabonete Barra de Glicerina Granado Bebê Caixa 90g,3
Kit L'oréal Elseve Pure Hialurônico Shampoo 375ml + Condicionador 170ml,3
Sabonete Líquido de Glicerina Tradicional Granado Bebê Sachê 250ml Refil,3
Antitranspirante Aerossol Antibacterial Protection 72h Rexona Men 150ml,3
Sabonete Johnson's Romã 80g,3
Bucha Vegetal Banho Natural Dupla Face,3
Sabonete Líquido de Glicerina Hidratação Relaxante Dove Baby Hora de Dormir 400ml,3
Fralda Descartável Infantil Pampers Confort Sec G Pacote 60 Unidades Leve Mais Pague Menos,3
Sabonete em Barra Palmolive Naturals Óleo Nutritivo 85g,3
Shampoo Naturrê Power Men 3 em 1 300ml,3
Sabonete Palmolive Hidratação Refrescante Melancia e Lichia 85g,3
Shampoo L'oréal Paris Elseve Glycolic Gloss Frasco 400ml,3
Sabonete Francis Romã e Pimenta-Rosa 90g,3
Sabonete Palmolive Naturals  Líquido Óleo Nutritivo 200ml Refil,3
Protetor Diário sem Abas Carefree TodoDia Pacote 80 Unidades Leve Mais Pague Menos,3
Sabonete em Barra Lux Botanicals Flor de Lótus 85g,3
Sabonete Barra Vegetal Raiz do Oriente Phebo Envoltório 90g,3
Escova Dental Macia Carvão Rock in Rio Colgate Slim  2 Un,3
Absorvente  O.b. Interno Pro Leve Mais Pague Menos Caixa 16 Un,3
Desodorante Aerosol Monange Hidratação Intensiva 150ml,3
Creme Dental Colgate Total 12 Whitening 180g,3
Desodorante Above Men Sport 150ml,3
Sabonete em Barra Lux Botanicals Flor de Verbena 85g,3
Antitranspirante Aerosol Rexona Powder Dry 250ml,3
Sabonete Barra Anti-Stress Micelar Dove 90g,3
Sabonete Senador 130g,3
Sabonete Barra Gerânio Bourbon Phebo Caixa 100g,3
Sabonete Barra Karité Dove 90g,3
Sabonete Giovanna Baby Aromatherapy Blue 90g,3
Creme Dental Colgate Sensitive Pro-Alívio Imediato Original 90g,3
Sabonete Líquido Laevia Hidratante Erva Doce 1L,3
Desodorante Above Women Candy 150ml,3
Antitranspirante Aerosol Rexona Invisible 250 ml,3
Protetor Diário Mili sem Abas 80un,3
Protetor Diário Mili sem Abas 40un,3
Esponja para Banho Bettabanho Leve 3 unidades,3
Algodão Cremer Bola 50g,3
Fita Dental Johnson's Reach Expansion Plus 50m,3
Antitranspirante Aerossol Eucalipto e Menta Dove Men+Care 150ml,3
Desodorante Aerossol Adidas Pro Invisible Masculino 150ml,3
Sabonete Francis Verbena e Bergamota 90g,3
Toalhas Umedecidas Piquitucho com 60 Unidades,3
Kit Sabonete Barra Antibacteriano Aveia Protex 510g,3
Desodorante Aerosol Dove Fresh Care Amora e Flor de Lótus 150ml,3
Creme Dental Colgate Máxima Proteção Anticáries 90g,3
Sabonete Barra  Palmolive Naturals Hidrata e Perfuma 150g,3
Creme Dental Sensodyne Rápido Alívio 90g,3
Condicionador Elseve Glycolic Gloss 200ml,3
Protetor Íntimo Diário Carefree Proteção com Perfume 40 un,3
Sabonete Barra Suave Protex Baby Proteção Delicada Caixa 85g,3
Sabonete Líquido para as Mãos Suavidade Delicada Palmolive Naturals 900ml Refil,3
Algodão Cottonbaby Bolas 50g,3
Enxaguante Bucal Listerine  Melancia & Hortelã  500ml,3
Removedor de Esmalte a Base de Acetona 95ml,3
Sabonete Francis Neroli e Algas Marinhas 90g,3
Desodorante Aerossol Bozzano Fresh Masculino 150ml,3
Shampoo Anticaspa Clear Botanique Anticoceira Leve 400ml Pague 330ml,3
Sabonete Barra Cuidado Indulgente Leite de Coco e Jasmin Dove 90g,3
Aparelho Descartável para Barbear Gillette Prestobarba Ultragrip3 2 Unidades,3
Sabonete Líquido Francis Rosas de Versailles 250ml,3
Escova Dental Macia Infusão de Carvão Colgate Zig Zag 2 Unidades,3
Creme Dental Close Up Liquifresh Ice 100g,3
Absorvente com Abas Extra Suave Intimus Tripla Proteção Pacote Leve 16 Pague 14 Unidades,3
Bucha Vegetal Banho Natural Média,3
Fralda Descartável Infantil Pampers Confort Sec XXG Pacote 56 Unidades Leve Mais Pague Menos,3
Aparelho Barbear Gillette Ultragrip Fixo 2 Unidades,3
Shampoo Anticaspa Clear Men Ice Cool Menthol 400 ml,3
Sabonete Protex Cream 85g,3
Algodão em Discos Cottonbaby Lady 50un,3
Sabonete Johnson's Rosas e Sândalo 80g,3
Rexona Desodorante Power Dry Aerosol 150ml,3
Sabonete Líquido Suave de Glicerina Granado Bebê Frasco 250ml Pump,3
Sabonete Barra Hidratante Flor de Cerejeira & Óleos Essenciais Nivea 85g,3
Kit  Sabonete Barra Antibacteriano Protex Nutri Protect Vitamina E 510g,3
Desodorante Aerossol Bozzano Anti Extreme Masculino 150ml,3
Sabonete em Barra Lux Botanicals Lírio Azul 85g,3
Fio Dental Encerado Menta Colgate 50m,3
Condicionador Tresemmé Hidratação Profunda 650ml,3
Sabonete Liquido Corporal Lux Botanicals Orquídea Negra 250ml,3
Sabonete Barra Hidratante Leite Nivea Flow Pack 125g,3
Antitranspirante Aerossol Antibacterial e Invisible Rexona 150ml,3
Escova Dental Macia Colgate Classic Clean  3 Unidades,3
Gel Dental Eucalyptus Freeze Closeup Proteção 360° Fresh 90g,3
Creme Dental Carvão Ativado Colgate Total Prevenção Ativa 180g,3
Aparelho Descartável para Depilar Gillette Venus Simply3 Leve 4 Pague 3 Unidades,3
Sabonete Líquido Premisse Linha SPA Pitanga 1L,3
Absorvente com Abas Suave Intimus Noturno Pacote 16 Unidades Leve Mais Pague Menos,3
Escova Dental Macia Carvão Colgate Slim Soft  4 Unidades,3
Desodorante Above Men Elements Carbon Active 150ml,3
Kit  Sabonete Barra Antibacteriano Protex Balance Saudável 510g,3
Escova Dental Condor Plus Leve 3un Pague 2un,3
Sabonete em Barra Dove Pele Sensível 90g,3
Sabonete Francis Sedução 85g,3
Sabonete Líquido Hidratação Glicerinada da Cabeça aos Pés Dove Baby  200ml,3
Sabonete Líquido com Glicerina Dove Pele Sensível Refil  200ml,3
Talco Tênys Pé Baruel Original 100g,3
Antitranspirante Aerosol Rexona Feminino Frutas Vermelhas 150ml,3
Removedor De Esmalte 5Cinco Lutex AP eco 100ml,3
Sabonete em Barra de Glicerina Phebo Frescor da Manhã 90g,3
Esponja para Banho Bettanin Protection,3
Removedor de Esmaltes Farmax 100ml,3
NIVEA Desodorante Aerossol Protect & Care 200ml,3
Kit Shampoo 375ml + Condicionador 170ml OX Cosméticos Lisos,3
Desodorante Body Spray Aerosol Axe Black 152ml,3
Sabonete Liquido Corporal Lux Botanicals Rosas Francesas 200ml,3
Sabonete em Barra Johnson's Baby Regular 80g,3
Desodorante Aerossol Monange detox Fresh Feminino 150ml,3
Antitranspirante Aerossol Invisible Dry Dove Men+Care 250ml,3
Aparelho Depilatório Bic Soleil Rosa/Roxo 2Un,3
Antitranspirante Aerossol Magnólia e Jasmim Dove Beauty Finish 150ml,3
Sabonete Barra Antibacteriano Macadâmia Protex Nutri Protect  85g,3
Absorvente com Abas Suave Intimus Noturno Pacote 30 Unidades Leve Mais Pague Menos,3
Sabonete Liquido Corporal Lux Botanicals Buquê de Jasmim 250ml,3
Sabonete em Barra Palmolive Naturals Esfoliação Delicada 85g,3
Sabonete Antibacteriano em Barra Protex Limpeza Profunda 85g,3
Sabonete Barra Segredo Sedutor Palmolive Naturals 85g,3
Lenços de Papel Kleenex Dia a Dia Kids Leve 100un Pague 80un,3
Kit Tresemmé Reconstrução e Força Shampoo 350ml + Condicionador 175ml,3
Sabonete Lux Buquê de Jasmim 125g,3
Absorvente Sempre Livre Adapt com Abas Cobertura Suave 16 un,3
Sabonete Barra Vegetal Naturelle Phebo Envoltório 90g,3
Desodorante Creme Herbíssimo Vanilla 55g,3
Cr Dental Sensodyne Original 90g,3
Creme Dental Colgate Sensitive Pro-Alívio Imediato  140g,3
Antisséptico Bucal Close up Ice sem Álcool 500ml,3
Sabonete Palmolive Naturals Segredo Sedutor 150g,3
Creme Dental Oral-B 3D White Brilliant Fresh Caixa 70g,3
Antitranspirante Aerossol Extra Dry Rexona Clinical 150ml,3
Protetor Íntimo Diário Carefree Todo Dia sem Perfume 40 un,3
Óleo de Banho Nivea Frasco 200ml,3
Sabonete Antibacteriano em Barra Dove Protege e Cuida 90g com 6un,3
Aparelho de Barbear Bic Sensitive Leve 7un Pague 5un,3
Aparelho Descartável para Barbear Gillette Prestobarba3 Sensitive 4 Unidades Pague Menos,3
Enxaguante Bucal Zero Álcool Colgate Plax Ice Fusion  Leve 500ml Pague 350ml,3
Creme Dental Colgate Natural Extracts Detox 90g,3
Creme Dental Closeup Dentes + Branco Menta Refrescante 130g,3
Protetor Íntimo Diário Carefree Proteção com Perfume Leve 80 Pague 60un,3
Shampoo Calêndula Granado Bebê Frasco 250ml,3
Aparelho De Barbear Bic Comfort 3 Sensitive Un,3
Loção Deo-Hidratante  Nivea Milk Frasco 400ml,3
Sabonete Lux Lirio Azul 125g,3
Enxaguante Bucal Fresh Mint Rock in Rio Colgate Plax Frasco Leve 500ml Pague 350ml,3
Aparelho de Depilar Gillette Venus Suave Sensitive 2un,3
Sabonete Giovanna Baby Aromatherapy Classic 90g,3
Kit Shampoo 300ml + Condicionador 200ml Neutrox Clássico,3
Sabonete Líquido Hidratação Prolongada Palmolive Nutri-Milk Sachê 900ml Refil,3
Antitranspirante Gel Berry Secret Invisible 45g,3
Creme Dental Infantil Colgate Tandy Tutti Frutti 50g,3
Limpeza Facial Garnier Uniform & Matte Vitamina C Antioleosidade 120g,3
Desodorante Aerosol Monange Sensível 150ml,3
Absorvente com Abas Seca Intimus Tripla Proteção Pacote Leve 16 Pague 14 Unidades,3
Sabonete em Barra Johnson's Baby Glicerinado com Mel 80g,3
Enxaguante Bucal Zero Álcool Menta Suave Listerine Cool Mint Frasco 250ml,3
Escova Dental Macia Oral-B Indicator Clean 35 2 Unidades,3
Creme Dental em Gel Closeup Proteção 360º Fresh Red Hot 90g,3
Kit Shampoo 200ml + Condicionador 170ml OX Cosméticos Hialurônico,3
Sabonete Barra Hidratante Fresh Nivea Pure Milk Beauty Elixir Caixa 90g,3
Sabonete Barra Hidratante Sensitive Nivea Pure Milk Beauty Elixir Caixa 90g,3
Algodão Topz Disco com 50un,3
Escova Dental Macia 35 Oral-B Indicator Color Collection 4 Unidades,3
Shampoo L'Oréal Paris Elseve Pure Hialurônico 400ml,3
NIVEA Desodorante Aerossol Pearl & Beauty 150ml,3
Creme Dental Sensodyne Repair & Protect Whitening 100g,3
Enxaguante Bucal Colgate Plax Fresh Mint 250ml,3
Creme Dental Oral-B Extra Branco Cool Mint 70g,3
Desodorante Antitranspirante Aerosol Dove Invisible Dry 150ml,3
Pack Gel Dental Infantil com Flúor Morangostoso Colgate Tandy Caixa 2 Unidades 50g Cada,3
Kit Palmolive Lisos Radiantes Shampoo + Condicionador 350ml,3
Desodorante Aerosol Monange Frutas Vermelhas 150ml,3
Sabonete Barra Cuidado Antibac Dove Caixa 90g,3
Sabonete Líquido Nivea Creme Care Frasco 250ml,3
Sabonete Líquido Erva-Doce Nivea Sachê 200ml Refil Embalagem Econômica,3
Desodorante Roll-On Above Women Candy 50ml,3
Enxaguante Bucal Colgate Plax Odor Control 500ml,3
Sabonete em Barra Rexona Antibacterial Limpeza Profunda 84 g,3
Creme Dental Close Up Triple Menta 150g,3
Curativo Band-Aid Transparente 40un,3
NIVEA Hidratante Facial Beleza Radiante 7 em 1 100g,3
Aparelho Descartável para Barbear Probak II 2 Unidades,3
Aparelho Descartável para Barbear Gillette Prestobarba3 Fresh 4 Unidades Pague Menos,3
Fio Dental Colgate 50m,3
Desodorante Giovana Baby Roll On Classic 50ml Un,3
Fio Dental DentalClean Menta 50m,3
Sabonete em Barra Antibacteriano com Óleo de Linhaça Protex Men 85g,3
Enxaguante Bucal  Red Hot Closeup Proteção 360° Fresh 500ml,3
Antitranspirante Aerossol Bamboo Rexona 150ml,3
Creme Dental  Colgate Xtra Fresh  Tripla Ação 70g,3
Sabonete em Barra Dove Erva-Doce 90g,3
Kit Tresemmé Blindagem Antifrizz Shampoo 350ml + Condicionador 175ml,3
Aparelho Descartável para Barbear Gillette Prestobarba Ultragrip3 Leve 4 Pague 3 Unidades,3
Espuma de Barbear Gillette Prestobarba Sensitive 150g,3
Sabonete Líquido Nivea Creme Care Sachê 200ml Refil Embalagem Econômica,3
Sabonete Granado Glicerina Tradicional 90g,3
Creme Dental  Colgate Xtra White  Tripla Ação 70g,3
Creme de Barbear Bozzano Pele Sensível 65g,3
Hastes Topz 150 unidades,3
Aparelho de Barbear Bic Comfort Pele Sensível 2un,3
Sabonete Antibacteriano em Barra Protex Erva Doce 85g,3
Creme Dental Colgate Sensitive Pro-Alívio Imediato Gengiva 90g,3
Sabonete em Barra Palmolive Naturals Hidratação Intensiva 150g,3
Creme Dental Colgate Total 12 Gengiva Reforçada 90g com 3un,3
Loção Deo-Hidratante Nivea Soft Milk Frasco 400ml,3
Escova Dental Condor Classic Flex Macia 3un,3
Creme Dental Infantil Colgate Tandy Morangostoso 50g,3
Shampoo Elseve Reparação Total 5+ L'Oréal Paris 400ml,3
Creme Dental Colgate Tripla Ação Hortelã 90g,3
Gel Bozzano Condicionador Fator 4 300g,3
Escova Dental Infantil Extra Suave e Macia Dr. Rabbit Colgate,3
Creme Hidratante Skala Amido de Milho 1kg,3
Desodorante Aerosol Dove Fresh Care Pepino e Chá Verde 150ml,3
Creme Dental Oral-B 3D White Brilliant Fresh Caixa 140g Leve Mais Pague Menos,3
Sabonete Lux Botanicals Essências do Brasil Bromélia 100g,3
Escova Dental Extramacia Sensitive Oral-B Pro-Saúde Indicator Black 2 Unidades,3
Desodorante Roll-On Above Men Sport Energy 50ml,3
Absorvente com Abas Extra Suave Intimus Tripla Proteção Pacote 8 Unidades,3
Sabonete Líquido Antibacteriano Erva-Doce Protex  200ml Refil,3
Kit Shampoo 200ml + Condicionador 170ml OX Cosméticos Micelar,3
NIVEA Desodorante Aerossol Black & White INVISIBLE Clear 150ml,3
Sabonete Líquido Palmolive Luminous Oils  250ml,3
Sabonete Barra de Glicerina Calêndula Granado Bebê Caixa 90g,3
Repelente Above Insetos Aerosol 150ml,3
Tratamento Antiporosidade L'oréal Paris Elseve Glycolic Gloss Pote 300g,3
Shampoo Anticaspa OX Cosméticos Men Frasco 400ml,3
Aparelho Recarregável e Carga para Depilar Gillette Venus Skin Comfort Spa,3
Shampoo Naturrê Óleo de Coco 300ml,3
Água Micelar L'Oréal Paris Solução de Limpeza 5 em 1 200ml,3
Gel Dental Menthol Paradise Closeup Proteção 360° Fresh  90g,3
Esponja para Banho Ponjita Dupla Face Anatômica Grátis Esponja Facial,3
Sabonete Líquido Antibacteriano Protex Vitamina E 500ml Refil,3
Hidratante Labial Original Care Nivea Blister 4,8g,3
Toalha Umedecida Infantil Disney Baby Huggies Max Clean Pacote 48 Unidades,3
Gel Dental Colgate Smile Liga da Justiça 100g,3
Talco Trá Lá Lá Baby Hidrata 160g,3
Protetor Diário Carefree Todo Dia sem Perfume 15 un,3
Antitranspirante Aerosol Rexona Cotton Dry 250 ml,3
Condicionador Huggies Kids Nutrição e Força Frasco 360ml,3
Absorvente Sempre Livre Adapt com Abas Cobertura Suave 8 un,3
Sabonete em Barra Dove Original 90g Pack 3 unidades,3
Lenços de Papel Kleenex Leve 4un Pague 3un,3
Repelente Off Kids Loção 200ml Oferta Especial,3
Sabonete em Barra Protex Carvão Detox 85g com 6un,3
Aparelho de Barbear Descartável Gillette Prestobarba3 Leve 4 Pague 3,3
Shampoo Elseve Pure Hialurônico 200ml,3
Antitranspirante Gel Powder Protect Cotton Secret 45g,3
Creme Dental Close Up Dentes + Brancos 90g,3
Rexona Desodorante Active Emotion Aerosol 150ml,3
Creme Dental Closeup Proteção Bioativa Contra o Ácido do Açúcar 70g,3
Algodão Cremer Disco Leve 100 Pague 85 Unidades,3
Algodão Topz Bola 95g,3
Antitranspirante Aerosol Feminino Rexona Sem Perfume 150ml,3
Carga de Aparelho para Barbear Gillette Mach3 Leve 6 Pague 5 Unidades,3
Desodorante Aerosol Dove Clinical Original Clean 150 ml,3
Antitranspirante Roll-On Nivea Men Invisible for Black & White 50ml,3
Antitranspirante Aerosol Rexona Antibacterial+Invisible 250ml,3
Creme Dental Original Colgate Sensitive Pro-Alívio Imediato Caixa 140g,3
Creme Dental Colgate Natural Extracts Citrus e Eucalipto 140g,3
Sabonete Dove Liq Nutricao Profunda 250ml,3
Escova Dental Média Colgate Tripla Ação 2 Unidades,3
Creme Dental Colgate Natural Extracts Reinforced Defense 90g,3
Absorvente Interno com Aplicador Intimus Sport Super Caixa 8 Unidades,3
Desodorante Antitranspirante Aerosol Axe Marine 152 ml,3
Desodorante Masculino  Bozzano Clinical Clean 150ml,3
Espuma de Barbear Original Protect Nivea Men 200ml,3
Protetor Íntimo Carefree Todo Dia Flexi sem Perfume Leve 80 un Pague 60un,3
Sabonete Palmolive Naturals Hidrata e Perfuma 85g,3
Sabonete Líquido Amazonian Phebo Sachê 320ml Refil,3
Oral-B Escova Dental Complete 5 Ações De Limpeza 40 Macia - 2 Unidades,3
Creme de cabelo Skala Ceramidas 1kg,3
Desodorante Monange Aerosol Proteção Seca 90g,3
Shampoo Haskell Mandioca 300ml,3
Gel Dental Infantil com Flúor Bubble Fruit Minions Colgate Smiles 100g,3
Kit Enxaguante Bucal Brilliant White Luminous White Colgate 500ml Grátis 1 Creme Dental 70g,3
Absorvente Sempre Livre Adapt Suave Cabas Leve Mais Pague Menos 32un,3
Aparelho Bic Soleil Depilar Leve 4un Pague 3 un,3
Desodorante Giovana Baby Roll On Blue 50ml Un,3
Creme Dental Infantil Colgate Tandy Uva Ventura 50g,3
Desodorante Antitranspirante Aerosol AXE Urban Invisible 152 ml,3
Desodorante Creme Antiperspirante Tradicional Herbíssimo 55g,3
Aparelho Descartável para Depilar Gillette Venus 2 Unidades,3
Absorvente Interno O.B. Sempre Livre ProComfort Médio Caixa 16 Unidades Leve Mais Pague Menos,3
Toalhinhas Umedecidas Mili Baby com 100un,3
Óleo Corporal Paixão Tentadora Amêndoas 100ml,3
Desodorante Antitranspirante Aerosol Dove Go Fresh Romã e Verbena 150ml,3
Desodorante Aerossol Bozzano Invisible Masculino 150ml,3
Absorvente Mili Dia e Noite Cobertura Suave com Abas 32un,3
Sabonete Barra Antibacteriano Aveia Protex  85g,3
Tinta Líquida Nugget Preta 60ml 33% de Desconto,3
Pack Sabonete Barra Frescor Nutritivo Tangerina e Alecrim Palmolive Naturals 510g,3
Sabonete em Barra Palmolive Naturals Hidratação Saudável 150g,3
Escova Dental  DentalClean Magic Macia Leve 3 Pague 2,3
Aparelho de Barbear Gillette Prestobarba3 com 2 Un,3
Sabonete Giovanna Baby Aromatherapy Cherry 90g,3
NIVEA Creme Hidratante Lata 56g,3
Água Oxigenada Cremosa Farmax Descolorante 30 Volumes 90ml,3
Esponja Vegetal Toque de Seda com 2un,3
Aparelho Descartável para Depilar Gillette Prestobarba3 2 Unidades,3
Absorvente Sempre Livre Adapt Plus com Abas Suave 16 Unidades,3
Shampoo L'Oréal Paris Elseve Óleo Extraordinário 200ml,3
Aparelho de Barbear Bic Comfort 3 Pele Normal 2un,3
Rexona Desodorante Cotton Dry Aerosol 150ml,3
Antitranspirante  Roll-on Rexona Powder Dry 50ml,3
Carga de Aparelho para Barbear Gillette Mach3 Carbono 4 Unidades Leve Mais Pague Menos,3
Lixa para Pés Marco Boni com Pedra Pome Grande Un,3
Curativo Cremer Tradicional Cx 40 Un,3
Condicionador Ox Mari Maria Vita Glow 240Ml,3
Sabonete Barra Nutrição Intensiva Palmolive Naturals 85g,3
Creme de Barbear Bozzano Hidratação 65g,3
Antitranspirante Roll-On Original Dove 50ml,3
Sabonete Líquido Rexona Limpeza Profunda Antibacterial 200ml,3
Tintura Permanente Imédia Excellence L’oréal Paris 1.0 Preto,3
Sabonete Premisse Liq Alcacuzmanga 1l,3
Creme Dental Colgate Máxima Proteção Anticáries 180g,3
Talco Baruel Tenys Pé Pó Menta Fresh 100g,3
Loção Hidratante Francis Bege 200ml,3
Leite Colonia Original 200ml,3
Creme Dental com Flúor Chiclete Spider-Man Oral-B Kids Caixa 50g,3
Absorvente com Abas Seca Intimus Noturno Pacote 8 Unidades,3
NIVEA MEN Desodorante Antitranspirante Aerossol Active Dry Impact 200ml,3
Protetor Diário sem Abas Suave Intimus Cuidado Avançado Pacote 40 Unidades Leve Mais Pague Menos,3
Sabonete Líquido Camomila Granado Bebê Frasco 250ml Pump,3
Talco Tenys Pé Baruel Woman 100g,3
Mascara Ox Trat Vita Glow 190g,3
Desodorante Above DermaClin Clinical sem Perfume 150ml,3
Antitranspirante Amadeirado Old Spice 150ml Spray,3
Máscara de Tratamento Pantene Hidratação Pote 270ml,3
Condicionador Huggies Kids Cachinhos Poderosos Frasco 360ml,3
Aparelho de Depilação Bic Comfort Twin For Women 2un,3
Algodão Cottonbaby Caixa 50g,3
Antitranspirante Gel pH Balanced Lavender Secret 45g,3
Protetor Diário sem Abas Respirável sem Perfume Always Pacote 80 Unidades Grátis 20 Unidades,3
Protetor Solar Neutrogena Sun Fresh FPS 50 200ml,3
Loção Deo-Hidratante Nivea Beleza Radiante Frasco 400ml,3
Água Oxigenada Beauty Color Volume 40 67,5ml,3
Repelente sem Perfume Granado Longa Duração Bebê Frasco 110ml Spray,3
Escova Dental Macia Infusão de Carvão Sorriso Branco Irresistível C2 Unidades,3
Shampoo Hulk Huggies Kids Nutrição e Força Frasco 360ml,3
Shampoo Ox Mari Maria Vita Glow 240Ml,3
Pós-Barba Bálsamo Nivea Men Sensitive Caixa 100ml,3
Creme Dental Menta Refrescante Oral-B Caixa 175g Leve Mais Pague Menos,3
Loção Deo-Hidratante Nivea Milk Frasco 200ml,3
Enxaguante Bucal Zero Álcool Menta Refrescante Oral-B Complete Limpeza Profunda Frasco Leve 500ml Pague 300ml,3
Sabonete Barra Frescor Purificante Palmolive Naturals  85g,3
Creme para Pentear Nutritivo L'Oréal Paris Elseve Cachos Longos dos Sonhos 250ml,3
Creme Depilatório Corporal Depimiel Men Powerful 120g,3
Condicionador Elseve Pure Hialurônico 200ml,3
Absorvente Externo Sempre Livre Conforto Noturno Suave, 16un,3
Sabonete Líquido Glicerina Camomila JOHNSON’S® Baby, 400mL,3
Shampoo Tresemmé Reconstrução e Força 650ml,3
Creme Dental Clareador Colgate Luminous White Briliiant Mint 140g,3
Óleo Corporal Paixão Inspiradora Rosas 100ml,3
Colônia Extra Suave Disney Baby Huggies Frasco 100ml,3
Creme Dental Carvão Ativado  Colgate Luminous White 140g,3
Creme Dental Colgate Total Prevenção Ativa Gengiva Saudável 180g,3
Kit Sabonete Barra Hidratação Intensiva Palmolive Naturals  510g,3
Carga de Aparelho para Barbear Gillette Mach3 Sensitive Leve 6 Pague 5 Unidades,3
Shampoo L'Oréal Paris Elseve Reparação Total 5 200ml,3
Sabonete Liquido Monange Detox 240ml,3
Creme para Pentear Seda Boom Definição Intensa 350ml,3
Sabonete Liquido de Glicerina Baby Dove Hora de Dormir 200ml,3
Escova Dental Macia Colgate Luminous White 360° 2 Un,3
Escova Dental Curapox CS5460t Ultra Macia com 3un,3
Kit 1 Aparelho Recarregável + 3 Cargas para Barbear Gillette Mach3 Leve Mais Pague Menos,3
Carga de Aparelho para Barbear Gillette Mach3 4 Unidades Leve Mais Pague Menos,3
Escova Dental Infantil Extramacia Colgate Tandy 2 Un,3
Creme de Pentear Infantil Kolene Cachinhos Frasco 300ml,3
Sabonete Barra Hidratação Enriquecida Dove Baby 75g,3
Loção Hidratante Paixão Framboesa Negra 200ml,3
Creme Dental Colgate Tripla Ação 180g,3
Enxaguante Bucal Zero Álcool Classic Colgate Plax Frasco Leve 500ml Pague 350ml,3
Shampoo Naturrê Camomila 300ml,3
Sabonete Líquido Glicerina Baby Dove Hidratação Glicerinada 180ml Refil,3
Desodorante Aerosol Rexona Clinical Men Clean 55ml,3
Sabonete Líquido Granado Bebê Calêndula 500ml,3
Antitranspirante Roll-On Nivea Invisible for Black & White Clear 50ml,3
Shampoo Tresemmé Reconstrução e Força 400ml,3
Escova Dental Sorriso Tripla Macia 2 un,3
Gel Dental Bambinos Condor Snoopy sem Flúor 50g,3
Antitranspirante Roll-On Nivea Protect & Care 50ml,3
Antitranspirante Aerossol Sensitive sem Perfume Dove 150ml,3
Esmalte Risqué Secante Express 8ml,3
Loção Hidratante Johnson's Baby 200ml,3
Creme de Tratamento Skala Abacate 1kg,3
Limão Siciliano Kg,1
Maracujá Azedo Kg,1
Mamão Formosa Kg,1
Goiaba Kg,1
Pera Importada Kg,1
Laranja Bahia Importada Kg,1
Maçã Importada Kg,1
Uva Agrivale Great Green Mimo 500g,1
Melão Pele de Sapo Kg,1
Ovos Caipiras Super Muffato 10un,1
Suco de Laranja Prat's Integral 900ml,1
Tomate Cereja Kg,1
Banana Prata Kg,1
Maçã Fuji Kg,1
Tomate Cereja Noemia 350g,1
Uva Grand Valle Verde S/Semente 500G,1
Gengibre Kg,1
Uva Delizza Passa Escura S/S Mf 150G,1
Banana Caturra/Nanica Kg,1
Batata Monalisa Kg,1
Mamão Papaya Un,1
Laranja Pera Kg,1
Kiwi  Garden Fruit Disney 600G,1
Maçã Gala Kg,1
Limão Kg,1
Tomate Kg,1
Ameixa Seca sem Caroço Delizza 150g,1
Tomate Rasteiro Kg,1
Castanha de Caju Torrada e Salgada Muffato Foods 130g,1
Nozes sem Casca Delizza 80g,1
Cebola Kg,1
Abacaxi 1un,1
Melão Amarelo Kg,1
Damasco Turco Delizza 130g,1
Batata Doce Roxa Kg,1
Abacate Kg,1
Castanha sem Casca Delizza 130g,1
Morango Bandeja 1un,1
Uva Branca Delizza 150g,1
Pepino Japonês Kg,1
Ameixa Seca Delizza com Caroço 150g,1
Suco Uva Tinto Campo Largo Garrafa 1,35l,1
Amêndoas Laminada Delizza 90g,1
Frutas Cristalizadas Delizza 150g,1
Tangerina Mourgot Kg,1
Melancia Pedaço Kg,1
Abóbora Italiana kg,1
Beterraba Kg,1
Repolho Verde Kg,1
Chuchu Kg,1
Brócolis Japonês 1un,1
Manga Palmer Kg,1
Ovos Brancos Katayama Grande 12un,1
Brócolis Rezende 250g,1
Abóbora Cabotiá Kg,1
Couve Flor Un,1
Cebola Roxa Kg,1
Berinjela Kg,1
Milho Verde Bandeja,1
Uva Vero Fruto sem Semente 500g,1
Suco Integral Prat's Laranja 3L,1
Pimentão Verde Kg,1
Uva Bravis Bc S/semente Bdj 500g,1
Pimentão Vermelho Kg,1
Melão com Rede Kg,1
Uva Agrivale Vitoria Mimo Seleção 400g,1
Mirtilo Garden Fruit Importado 125g,1
Melancia Kg,1
Pepino Caipira Kg,1
Banana Maçã Kg,1
Pimentão Amarelo Kg,1
Mandioca Descascada Kg,1
Maçã Pink Lady Importada Kg,1
Ameixa Importada Kg,1
Abóbora Menina Kg,1
Abóbora Cabotiá Casarotto 400g,1
Alface Crespa Mazzini 1un,1
Alface Solar Americana Bandeja 200g,1
Suco Integral Uva Tinto Campo Largo Garrafa 1,5l,1
Couve Flor Rezende 250g,1
Brócolis Un,1
Abóbora Paulista Kg,1
Maçã Grand Smith Kg,1
Brócolis Up Fruit Orgânico 300g,1
Repolho Roxo Kg,1
Tâmaras Delizza Deglet Nour 200g,1
Aspargo Garden Fruit Fresco 250g,1
Banana da Terra Kg,1
Nectarina Importada Kg,1
Suco Integral Prat's Laranja 300ml,1
Couve Picada Higienizada 200g,1
Suco Integral Life Laranja 900ml,1
Suco Integral Natural One Laranja 900ml,1
Espinafre Up Fruit Orgânico 300g,1
Cebola para Conserva Kg,1
Inhame Kg,1
Vagem Kg,1
Ovos Ares Do Campo Caipira com 10un,1
Brócolis Sabor do Campo 300g,1
Hortfg Manga Agrodan Sfibras Kg,1
Quiabo Noemia 250g,1
Ovos Caipiras Grandes Libertas com 10un,1
Mix Cheiro Verde 100g,1
Laranja Lima Kg,1
Suco Prat's Uva 900ml,1
Suco Prat's Laranja e Acerola 900ml,1
Cenoura Up Fruit Orgânica 500g,1
Manjericão Aroma & Sabor 30g,1
Coco Seco Kg,1
Uva Green Dreams Turma da Mônica 500g,1
Suco Prat's Limonada Adoçada 900ml,1
Melão Cantaloupe Kg,1
Alecrim Aroma & Sabor 30g,1
Alface Sabor Campo Americano 150g,1
Coco Verde un,1
Mandioca Salsa Ksbig Bandeja 500g,1
Vegetais para Sopa Casarotto 300g,1
Ameixa Silvestrin 500g,1
Acelga Un,1
Alface Americana Coração Noemia 300g,1
Uva Duvale Green Dreams 500g,1
Ovos de Codorna Katayama 30un,1
Cogumelo Amii Paris Inteiro 200g,1
Suco Integral Natural One Maçã 900ml,1
Pimenta Aroma E Sab Biquinho Bd 100g,1
Suco Natural One Uva e Maçã 900ml,1
Abacaxi em Cubos Kg,1
Suco Prat's Laranja, Acerola e Maçã 300ml,1
Couve Flor Up Fruit Orgânico 300g,1
Cenoura Maco,1
Rabanete Up Fruit Orgânico 300g,1
Abóbora Cabotiá Noemia 400g,1
Lima da Pérsia Kg,1
Vagem Noemia 200g,1
Hortelã Aroma & Sabor 30g,1
Abóbora Moranga Kg,1
Grão de Bico Vapza 500g,1
Suco Life Caju 900ml,1
Suco Prat's Uva 300ml,1
Laranja Bahia  Kg,1
Salsao Aroma E Sab 300g,1
Hortfg Manga Palmer Cubos Kg,1
Beterraba Maço 1un,1
Batata Doce Branca Kg,1
Tomate Sweet Grape Trebeschi 180g,1
Cebola Nacional,1
Acelga Da Noemia 500g,1
Salada De Frutas Kg,1
Tomate Red Grape Rio de Una Orgânico 180g,1
Tomilho Aromasabor Bdj 30g,1
Lentilha Vapza 250g,1
Tomate Cereja Tresbeschi 200g,1
Hortfg Abobora Cabotia Pedaço Kg,1
Tomate Cereja Orgânico Noemia 350g,1
Gengibre Aroma E Sabor Bdj 120g,1
Ovos Caipiras Fazenda da Toca Ômega 3 e Vitamina E com 10un,1
Coco Seco em Cubos Kg,1
Feijão Preto Vapza 500g,1
Mix Salada Casarotto 200g,1
Repolho Da Noemia Duro 300g,1
Suco Natural One Uva e Maçã 300ml,1
Hortfg Chuchu Cubos Kg,1
Suco Life Goiaba 900ml,1
Maçã Golden Kg,1
Repolho Verde Rio de Una Orgânico 350g,1
Ovos Caipiras Fazenda da Toca Selênio e Vitamina E com 10un,1
Mix Casarotto Yakissoba Un,1
Suco Prat's Goiaba e Maçã 300ml,1
Suco Natural One Goiaba 900ml,1
Espaguete da Fazenda de Palmito 210g,1
Hortfg Gengibre Cortado Kg,1
Tomate Tomyni Sabor Campo 180g,1
Suco Natural One Pink Limonade 900ml,1
Acafrao Aroma  Sabor Bdj 150g,1
Beterraba Up Fruit Orgânica 500g,1
Suco Integral Natural One Laranja 300ml,1
Suco Prat's Limonada Adoçada 300ml,1
Pamonha Da Vovó Un,1
Lichia,1
Louro Aromasabor Bdj 10g,1
Chucrute Grutzmacher 500g,1
Tâmara Kg,1
Radicchio Up Fruit Orgânico 300g,1
Melão Galia Kg,1
Hortfg Goiaba Cortada Kg,1
Ovos Caipiras Fazenda da Toca Jumbo com 10un,1
Hortifruti Berinjela Cubos Kg,1
Morango Diu Embalado 1kg,1
Suco Natural One Limonada 900ml,1
Alcachofra 1un,1
Hortf Abobora Italia Fatiada Kg,1
Feijoada Vapza 500g,1
Roma Bandeja 500g,1
Palmito Brazilian Tolet Pupunha 400g,1
Palmito Brazilian Tolete Coração Pupunha 600g,1
Hortfg Jenipapo Bdj 500 G,1
Macadamia Bandeja 500g,1
Chá Biozen Kombucha Maçã com Canela 330ml,1
Vagem Aroma E Sabor Sem Fios 200g,1
Palmito Da Fazenda Lasanha Bdj 210g,1
Melancia Cubos Kg,1
Quiabo Margarida Legumes e Cia 250g,1
Pera Asiática Kg,1
Cenoura Mr Rabbits Especiais 500g,1
MeLão Amarelo Cubos Kg,1
Mamao Formosa Cubos Kg,1
Palmito Da Fazenda Haste 50cm 1un,1
Palmito Da Fazenda Haste 20cm 1un,1
Palmito Da Fazenda Carpaccio 210g,1
Suco Life Uva 300ml,1
Suco Life Laranja Integral 300ml,1
Endivia Flamingo Branca Bdj 500g,1
Kinkan Bandeja 500g,1
Queijo Parmesão Président Ralado 50g,1
Iogurte Natural Integral Nestlé 170g,1
Queijo Mussarela Président Fatiado 150g,1
Leite Ninho Nestlé Integral 1 Litro,1
Margarina Qualy Cremosa com Sal 500g,1
Leite UHT Parmalat Semidesnatado 1L,1
Leite Fermentado Nestlé Chamyto® 450G com 6 unidades,1
Leite UHT Batavo Integral 1L,1
Leite UHT Parmalat Integral 1L,1
Leite Frimesa Semidesnatado Zero Lactose 1L,1
Café Starbucks Frappuccino Caramelo 200ml,1
Bebida Láctea Starbucks Frappuccino Clássico 280ml,1
Bebida Láctea Nescafé Chococino 270ml,1
Queijo Mussarela Président Fatiado 300g,1
Iogurte Desnatado Batido Zero Lactose Danone Garrafa 1,2kg Embalagem Econômica,1
Queijo Mussarela Muffato Foods Batavo Fatiado 150g,1
Iogurte Líquido Danone Morango 1,25kg,1
Leite Fermentado Activia Zero Morango 800g,1
Leite Fermentado Activia 450g Pack com 6 Unidades,1
Leite Fermentado Activia Zero Ameixa 800g,1
Petit Suisse Danoninho Petit Suisse Morango 320g 8 unidades,1
Leite Fermentado Activia Ameixa 800g,1
Iogurte Activia Café da Manhã Frutas Vermelhas e Quinoa 170g,1
Leite Fermentado Activia Morango 800g,1
Iogurte Líquido Danone Vitamina de Frutas 1,25kg,1
Iogurte Activia Líquido Morango 170g,1
Leite Fermentado Danone Activia Aveia 800g,1
Iogurte Activia Líquido Ameixa 170g,1
Iogurte Activia Café da Manhã Mamão e Amaranto 170g,1
Iogurte Danoninho Líquido Morango 100g,1
Petit Suisse Danoninho Para Levar Morango 70g,1
Iogurte Líquido Danone Coco 1,25kg,1
Danoninho Petit Suisse Para Levar Morango e Banana 70g,1
Leite UHT Tirol Integral Tampa Rosca 1L,1
Leite UHT Lider Integral 1L,1
Bebida Láctea UHT Cappuccino Chocolate 3 Corações Frasco 260ml,1
Leite  Desnatado Zero Lactose Batavo  Caixa com Tampa 1l,1
Bebida Láctea UHT Cappuccino Zero Lactose 3 Corações Power Whey Cafeína Frasco 260ml,1
Bebida Láctea 3 Corações Cappuccino Classic 260ml,1
Iogurte Desnatado Mamão Zero Lactose Batavo Pense Zero Garrafa 1,15kg Embalagem Econômica,1
Leite UHT Tirol Semidesnatado Zero Lactose 1L,1
Bebida Láctea UHT Café com Leite Pingado 3 Corações Frasco 260ml,1
Queijo Quata Coalho Tradicional Espeto 300g,1
Requeijão Cremoso Vigor Tradicional 400g,1
Iogurte Grego Pistache Vigor Pote 90g,1
Queijo Mussarela Muffato Foods Kollac Fatiado 500g,1
Leite UHT Batavo Semidesnatado 1L,1
Queijo Parmesão Ralado Président 100g,1
Bebida Láctea UHT Cappuccino sem Adição de Açúcar Zero Lactose para Dietas com Restrição de Lactose 15g Proteínas do Leite Parmalat Wheyfit Caixa 250ml,1
Requeijão Cremoso Tradicional Vigor Copo 200g,1
Queijo Mussarela Lac Lelo Muffato Foods Fatiado 500g,1
Suplemento Alimentar Líquido Yakult Hiline F Frasco 100ml,1
Presunto Muffato Foods Frimesa Fatiado 200g,1
Queijo Camembert Faixa Azul 120g,1
Sobremesa Láctea Fermentada Frutas Vermelhas Zero Lactose Verde Campo Pote 200g 2 Unidades,1
Kefir Integral Zero Lactose Verde Campo Lacfree Garrafa 500g,1
Presunto cozido fatiado Sadia Soltíssimo 200g,1
Sobremesa Láctea Fermentada Banana com Canela Zero Lactose Verde Campo Pote 200g 2 Unidades,1
Bebida Láctea Nescafé Cappuccino Canela 270ml,1
Cream Cheese Pistache Danubio Pote 150g,1
Bebida Láctea Nutren Protein 15g de proteínas Chocolate 260ml,1
Kefir Verde Campo Lacfree Integral Morango 500g,1
Bebida Láctea Nutren Protein 15g de proteínas Baunilha 260ml,1
Presunto Muffato Foods Perdigão Magro Fatiado 200g,1
Leite Fermentado Yakult 480g,1
Leite UHT Batavo Desnatado 1L,1
Iogurte Natural Nestlé Tradicional 170g,1
Requeijão Poços de Caldas Tradicional 400g,1
Manteiga Frimesa com Sal 500g,1
Requeijão Cremoso Vigor Light 400g,1
Manteiga Aviação com Sal 500g,1
Queijo Kollac Mussarela Muffato Foods Fatiado 160g,1
Queijo Parmesão Ralado Vigor Pacote 50g,1
Queijo Mussarela Lac Lelo Muffato Foods Fatiado 160g,1
Leite UHT Parmalat Desnatado 1L,1
Requeijão Vigor Cremoso Light 200g,1
Queijo Prato Président Fatiado 300g,1
Manteiga Frimesa com Sal 200g,1
Manteiga Aviação com Sal 200g,1
Iogurte Frimesa Morango 540g,1
Leite Naturalle Colônia Holandesa Integral 1L,1
Margarina Cremosa Com Sal Doriana 500g,1
Queijo Mussarela Batavo Muffato Foods Fatiado 500g,1
Leite Integral Ninho Forti+ Zero Lactose 1 Litro,1
Manteiga Lider com Sal 200g,1
Presunto Frimesa Muffato Foods Fatiado 500g,1
Margarina Manteiga Cremosa com Sal Vigor Pote 500g,1
Salsicha Muffato Foods Perdigão Hot Dog Resfriada Kg,1
Iogurte Batavo Pense Zero Morango 1,15kg,1
Mortadela tradicionalmente defumada Perdigão Ouro 200g,1
Salame Tipo italiano fatiado Seara Gourmet 100g,1
Peito de Peru Muffato Foods Seara Fatiado 200g,1
Leite Fermentado Elegê Bob Esponja Tradicional 480g,1
Salsicha Hot Dog 500g Sadia,1
Iogurte Natural Integral Danone 160g,1
Nhoque Mezzani Batata 500g,1
Requeijão Cremoso Catupiry Tradicional 200g,1
Leite UHT Piracanjuba Zero Lactose Semidesnatado 1L,1
Iogurte Natural Batavo Integral 170g,1
Iogurte Grego Calda Frutas Vermelhas Vigor Pote 90g,1
Iogurte Grego Flocos Vigor Flocos Pote 90g,1
Manteiga Président Tablete com Sal 200g,1
Margarina Qualy Cremosa sem Sal 500g,1
Queijo Mussarela Sabor Minas Muffato Foods Fatiado 320g,1
Queijo Mussarela Bom Sucesso Pedaço Kg,1
Nestlé Ninho® Iogurte Polpa de Morango, Salada de Frutas e Maçã e Banana 540G com 6 unidades,1
Requeijão Poços de Caldas Cremoso Light 400g,1
Nata Tirol Pote 300g,1
Manteiga Président com Sal 200g,1
Iogurte Nestlé Polpa Morango 510g,1
Queijo Parmesão Ralado Faixa Azul Pacote 50g,1
YoPRO Bebida Láctea UHT Morango 15g de proteínas 250ml,1
Requeijão Lider Cremoso Tradicional 180g,1
Salame Defumado Perdigão 100g,1
Iogurte Grego Batavo Pense Zero Morango 100g,1
Margarina Delícia Creme de Leite com Sal 500g,1
Presunto Muffato Foods Sem Capa Sadia Fatiado 200g,1
Requeijão Cremoso Danone 200g,1
Mortadela Muffato Foods Perdigão Bologna  Fatiado 200g,1
Iogurte Frimesa Morango e Coco 540g,1
Leite Fermentado Nestlé Chamyto Big 120g,1
Iogurte Batavo Pense Zero Pedaços Morango 100g,1
Linguica Fricasa Tipo Calabresa Defumada Muffato  Foods Kg,1
Mortadela Muffato Foods Seara Defumada Fatiada 200g,1
Queijo Mussarela Tirolez Fatiado Kg,1
Iogurte Grego Calda Blueberry Vigor Pote 90g,1
Leite Molico Desnatado 1 Litro,1
Queijo Prato Président Fatiado 150g,1
Queijo Mussarela Crioulo Zero Lactose Fatiado 150g,1
YoPRO Bebida Láctea UHT Doce de Leite Havanna 15g de proteínas 250ml,1
Requeijão Cremoso Catupiry Culinário Tradicional 250g,1
Margarina Qualy Cremosa com Sal 250g,1
Presunto parma fatiado Sadia Speciale 100g,1
Iogurte Batavo Grego Pense Zero Morango 500g,1
Iogurte Frimesa Morango 1L,1
Iogurte Grego Batavo Pense Zero Tradicional 100g,1
Salsicha Aurora Resfriada Muffato Foods Kg,1
Queijo Parmesão Cilindro Président 180g,1
Leite Fermentado Elegê Bob Esponja Uva 480g,1
Presunto Muffato Foods Seara Magro Fatiado 200g,1
Sobremesa Danette Chocolate ao Leite 540g,1
Margarina Becel Original com Sal 500g,1
Leite Naturalle Colônia Holandesa Semidesnatado 1L,1
Iogurte Parcialmente Desnatado Natural Vigor Viv Copo 150g,1
Nata Lider Pote 300g,1
Presunto Magro Muffato Foods Perdigão Fatiado 500g,1
Requeijão Cremoso Zero Lactose Verde Campo Lacfree Copo 180g,1
Requeijão Nestlé Light 200g,1
Massa de Pastel Romanha Disco Grande 500g,1
Queijo Président Parmesão 180g,1
Suco Yakult Maçã 200ml,1
Presunto Magro Muffato Foods Seara Fatiado 500g,1
Banha Frimesa 1kg,1
Leite Naturalle Colônia Holandesa Desnatado 1L,1
Requeijão Poços de Caldas Cremoso Light 200g,1
Iogurte Natural Nestlé Cenoura, Mel e Laranja 170g,1
Bebida Láctea UHT Banana Zero Lactose Yopro 15g High Protein Caixa 250ml,1
Iogurte Frimesa Natural Desnatado 165g,1
Manteiga Président Tablete sem Sal 200g,1
Queijo Cottage Verde Campo Tradicional 400g,1
Macarrão Talharim Mezzani 500g,1
Leite Desnatado Nestlé Molico +Proteína Zero Lactose 1L,1
Queijo Cottage Verde Campo 200g,1
Iogurte Grego Batavo Tradicional 500g,1
Margarina Manteiga Cremosa sem Sal Vigor Pote 500g,1
Queijo Mussarela de Búfala Levitare 150g,1
Requeijão Poços de Caldas Cremoso Tradicional 200g,1
Requeijão Cremoso Catupiry Light 200g,1
Iogurte Desnatado Tradicional Zero Lactose Verde Campo Natural Whey 140g,1
Presunto Fricasa Muffato Foods Fatiado 200g,1
Queijo Prato Président Gran Reserva 150g,1
Leite Ninho Semidesnatado 1 Litro,1
Iogurte Nestlé Morango 170g,1
Queijo Frescal Ultrafiltrado Danubio Pote 250g,1
Iogurte Frimesa Zero Morango 165g,1
Sobremesa Láctea Chocolate Chandelle Bandeja 540g 6 Unidades,1
Iogurte Nestlé Polpa Morango + Vitamina de Frutas 510g,1
Iogurte Natural Whey Verde Campo Morango 250g,1
Manteiga Aviação com Sal Lata 200g,1
Requeijão Cremoso Batavo com Queijo 400g,1
Mortadela Perdigão 400g,1
Queijo Verde Campo Mussarela Lacfree 150g,1
Queijo Cream Cheese Philadelphia 150g,1
Manteiga Batavo Extra com Sal 200g,1
Requeijão Cremoso Aviação Tradicional 250g,1
Iogurte Natural Nestlé com Mel 170g,1
Mortadela Sadia Defumada Soltíssimo Fatiada 200g,1
Iogurte Líquido YoPRO 15g de Proteínas Morango 250g,1
Leite Fermentado Vigor Tradicional 450g,1
Patê de Presunto Sadia 100g,1
Creme Quark Batavo Nuv Calda Pêssego e Damasco 100g,1
Creme Quark Batavo Nuv Morango 100g,1
Iogurte Batavo Morango Surpresa 110g,1
Iogurte YoPRO 15g de Proteínas Morango 160g,1
Queijo Ralado Kunzler Brasileirinho 40g,1
Iogurte Corpus Morango Zero Lactose 800g,1
Queijo Parmesão Fracionado Galbani 180g,1
Iogurte Desnatado Bicamada Frutas Vermelhas Zero Lactose Verde Campo Natural Whey 140g,1
Banha Frimesa 450g,1
Leite UHT Parmalat Zymil Semidesnatado 1L,1
Leite Fermentado Actimel Tradicional 100g,1
Iogurte Verde Campo Natural Whey 28g Zero Lactose 500g,1
Requeijão Nestlé Tradicional 200g,1
Massa de Pastel Romanha Disco Lanche 400g,1
Queijo Gouda Président Fração 160g,1
Leite UHT Semidesnatado Frimesa 1l,1
Iogurte Integral Frimesa 165g,1
Iogurte Nestlé Morango 1,25kg,1
Salame Sadia Hamburguês Fatiado 100g,1
Petit Suísse Chambinho Morango 320g,1
Chantilly Creme Amélia Chanty Mix 200ml,1
Salsicha Muffato Foods Seara Resfriada UN,1
Queijo Mussarela Bom Destino Bolinhas 160g,1
Achocolatado Pronto Frimesa Chocolate 1L,1
Queijo Minas Président Padrão Fracionado Kg,1
Salsicha de Frango Seara 500g,1
Iogurte Lacfree Verde Campo Natural Desnatado 500g,1
Manteiga Aviação com Sal Tablete 200g,1
Iogurte Batavo com Pedaços Morango 100g,1
Manteiga Président sem Sal 200g,1
Cream Cheese Light Danubio Pote 300g,1
Iogurte Grego Batavo Morango 100g,1
Queijo Cottage Verde Campo Lacfree 400g,1
Manteiga Galbani Com Sal Pote 200g,1
Queijo Mussarela Vegetal Fatiado Vida Veg 150g,1
Apresuntado Muffato Foods Frimesa Fatiado 200g,1
Iogurte Chamyto Go Morango 100g,1
Leite Piracanjuba Semidesnatado Tipo A2 1L,1
Queijo Mussarela Lac Lélo Zero Lactose Fatiado 150g,1
Iogurte Grego Batavo Tradicional 100g,1
Iogurte Chamyto Morango com Cereais Coloridos 130g Nestlé,1
Manteiga Frimesa sem Sal 200g,1
Bebida Láctea Lider com Aveia 1L,1
Iogurte Verde Campo Natural Whey Cranberry e Goji Berry 170g,1
Nhoque de Batata Granoro 500g,1
Presunto Frimesa Muffato Foods  Pedaço Kg,1
Queijo Brie Président Petit 125g,1
Bebida Láctea Friminho UHT Sabor Chocolate 200ml,1
Iogurte Frimesa Morango 1,250g,1
Iogurte Natural Batavo Mel 170g,1
Requeijão Batavo Tradicional 200g,1
Bebida Láctea Lider Vita 1L,1
Queijo Mussarela Muffato Foods Frimesa Fatiado 160g,1
Queijo Minas Padão Verde Campo Light kg,1
Iogurte Batavo com Polpa Laranja, Cenoura e Mel 170g,1
Margarina Manteiga Cremosa com Sal Vigor Pote 1kg Embalagem Econômica,1
Bebida Láctea Batavo Choco Milk 200ml,1
Queijo Galbani Grana Padano 125g,1
Manteiga Aviação sem Sal Tablete 200g,1
Requeijão Batavo Light Copo 200g,1
Iogurte Bicamada Banana com Canela Zero Lactose Verde Campo Natural Whey 140g,1
Iogurte Integral Ameixa Vigor Viv Copo 150g,1
Queijo Minas Padrão Frimesa Kg,1
Banha Seara Refinada 1kg,1
Leite UHT Parmalat Zymil Desnatado 1L,1
Sobremesa Batavo Creamy Chocolate 360g,1
Capeletti Mezzani 4 Queijos 400g,1
Capeletti Mezzani Carne 400g,1
Sobremesa Batavo Chocolate Branco 180g,1
Iogurte Frimesa Coco 1L,1
Queijo Vegetal Vida Veg Castanha de Caju sabor Provolone 150g,1
Mortadela Defumada Seara Gourmet Fatiada Kg,1
Achocolatado Batavo Choco Milk 1L,1
Presunto Perdigão Magro Fatiado Kg,1
Bebida Láctea Nescau 180ml,1
Sobremesa Chandelle Chocolate 360g,1
Salame Seara Tipo Italiano Kg,1
Salame Italiano Pequeno Seara Gourmet Kg,1
Manteiga Président Gastronomique com Sal 380g,1
Iogurte Frimesa Zero Morango 170g,1
Queijo Parmesão La Paulina Muffato Foods Pedaço Kg,1
Manteiga Galbani Extra Csal Tbl 200g,1
Massa Fresca Spaghetti Massa Leve 500g,1
Iogurte Frimesa Coco 170g,1
Salame Seara Italiano Fatiado Kg,1
Queijo Lorenzo Mussarela Mf Ped Kg,1
Bebida Láctea Nesquik Morango 180ml,1
Requeijão Cremoso Poços de Caldas Sabor Cheddar 200g,1
Flan Batavo Frutas Vermelhas 200g,1
Queijo Prato Muffato Foods Batavo Fatiado 150g,1
Ravioli Mezzani Carne 400g,1
Iogurte Zero Lactose Frimesa Frutas Vermelhas 165g,1
Requeijão Crioulo Cremoso Zero Lactose 180g,1
Iogurte Frimesa Morango e Salada de Frutas 540g,1
Sobremesa Batavo Creamy Chocolate 180g,1
Chantilly Président 250g,1
Requeijão Vida Veg Tradicional 180g,1
Iogurte Grego Batavo Flocos 450g,1
Massa para Pizza de Frigideira Massa Leve 250g,1
Iogurte Salubi Natural Zero Açúcar 750g,1
Bebida Láctea UHT Chocolate Zero Lactose Vigor Viv Caixa 250ml,1
Massa para Mini Pizza Picinini 200g,1
Iogurte Ninho Maçã e Banana 100g,1
Queijo Minas Cruzília Padrão Meia Lua Kg,1
Iogurte YoPRO Pouch 15g de Proteínas Açaí com Banana 160g,1
Creme de Queijo Ricota Galbani Pote 200g,1
Leite Fermentado Batavo Batavinho 75g 6 Unidades,1
Bebida Láctea Nestlé Alpino 280ml,1
Leite Purolatte Pasteurizado Tipo A Integral 1L,1
Iogurte Verde Campo Natural Whey Pêssego 170g,1
Bebida Lider A Base De Soja 1L,1
Queijo Emmental Cruzília Fracionado 140g,1
Iogurte Batavo Probio2 Polpa Ameixa e Tradicional, 510g,1
Leite Fermentado Frimesa 1,250g,1
Leite Integral Letti Pasteurizado 1 Litro,1
Requeijão Cremoso Verde Campo Lacfree Tradicional 400g,1
Manteiga e Margarina com Sal Vigor Mix Pote 500g,1
Mortadela Frimesa com Toucinho 500g,1
Massa de Pastel Vovó Dê 500g,1
Queijo Coalho Frimesa para Churrasco Kg,1
Iogurte Nestlé Bicamada Morango 150g,1
Manteiga e Margarina com Sal Extra Cremosa Leco Pote 200g,1
Queijo Minas Padrão  Verde Campo Lacfree Kg,1
Iogurte YoPRO Pouch 15g de Proteínas Morango 160g,1
Salamitos Limão 36g Sadia,1
Queijo Lac Lélo Provolone Fatiado 150g,1
Iogurte Natural Whey Verde Campo Morango 500g,1
Capeletti Mezzani Frango 400g,1
Queijo Président Cream Cheese 150g,1
Iogurte Batavo Integral Probio2 Morango, 100g,1
Queijo Gouda Cruzília 140g,1
Bebida Láctea Neston Maçã, Banana e Mamão 280ml,1
Mortadela Defumada Seara Gourmet Kg,1
Iogurte Chambinho Morango 100g,1
Requeijão Vida Veg Requeveg Defumado 180g,1
Margarina Delícia com Sal e Creme de Leite Tablete Culinário 400g,1
Iogurte Molico Morango 170g,1
Capeletti Massa Leve Carne 400g,1
Iogurte Batavo Parcialmente Desnatado Probio2 Morango, 170g,1
Sobremesa Láctea Frimesa Chocolate 200g,1
Café STARBUCKS Frappuccino Mocha 280ml,1
Iogurte Líquido YoPRO 15g de Proteínas Doce de Leite Havanna 250g,1
Requeijão Lac Lélo Cremoso 180g,1
Massa para Minipizza Romanha 300g,1
Salame Sadia Tradicional Kg,1
Manteiga Lac Lélo com Sal 200g,1
Talharim Massa Leve 500g,1
Queijo Parmesão Vigor Peça Kg,1
Queijo Quata Tipo Brie Kg,1
Massa para Pizza Massa Leve Brotinho 300g,1
Queijo Gouda São Vicente Tomate Seco e Manjericão 110g,1
Queijo Parmesão Frimesa Reggio Kg,1
Sobremesa Frimesa Flan Baunilha e Caramelo 200g,1
Iogurte Verde Campo Desnatado Natural 140g,1
Cream Cheese Président Pote 270g,1
Iogurte Frimesa Coco 1,250g,1
Presunto Magro Seara Peça Kg,1
Manteiga Danone Tablete Com Sal 200g,1
Iogurte Líquido Danone Morango 170g,1
Massa para Mini Pizza Mezzani 400g,1
Ravioli Mezzani 4 Queijos 400g,1
Creme de Ricota de Búfala Bom Destino 200g,1
Queijo Parmesão Quatá Kg,1
Iogurte Frimesa Parcialmente Desnatado de Mel 165g,1
Margarina com sal Qualy aéra pote 500g,1
Iogurte Frimesa Zero Ameixa 170g,1
Salame Frimesa Italiano Kg,1
Requeijão Crioulo Cheddar 400g,1
Iogurte Verde Campo Natural Whey Bicamadas Maracujá 140g,1
Queijo Fundido Président 140g,1
Salame Sadia Italiano Mini Kg,1
Queijo Parmesão Vigor Fatiado Kg,1
Presunto Cru Espanhol Ceratti Fatiado 100g,1
Iogurte  Verde Campo  Bicamada Abacaxi com Coco Zero Lactose 140g,1
Bebida Láctea Nescafé Cappuccino Clássico 270ml,1
Massa Tagliatelle Mezzani 500g,1
Massa de Pizza Romanha Caseira 160g,1
Queijo Parmesão Président Pedaço Kg,1
Requeijão de Bufala Levitare Zero Lactose 200g,1
Salame Frimesa Milano Kg,1
Massa De Pizza Picinini 160g,1
Presunto Sem Capa Sadia Fatiado Kg,1
Iogurte Manga e Maracujá Vigor Viv 3 Grãos Garrafa 800g,1
Leite Deleite Tipo A 1L,1
Mortadela Defumada Seara Gourmet Pedaço Kg,1
Requeijão Cremoso Levitare Búfala 200g,1
Queijo Galbani Parmigiano Reggiano 125g,1
Iogurte Frimesa Morango 170g,1
Queijo Estepe Cruzília Fracionado 140g,1
Massa para Pastel Massaleve 500g,1
Apresuntado Muffato Foods Seara Fatiado 200g,1
Queijo Burrata de Búfala Bom Destino Creme 200g,1
Queijo Parmesão Tirolez Fracionado 245g,1
Requeijão Cremoso Catupiry Original 410g,1
Nhoque Vovó Dê 500g,1
Bebida Láctea NESCAU Pronto 1L,1
Iogurte Skyr Moo Semidesnatado Zero Lactose Natural 130g,1
Iogurte Lacfree Verde Campo Banana, Maçã e Mamão 170ml,1
Iogurte Lacfree Verde Campo Morango 500g,1
Pudim Holandês 750g,1
Mortadela Bologna Perdigão Fatiada Kg,1
Iogurte Natural Whey Verde Campo Coco 250g,1
Manteiga Qualicoco Sabor Manteiga com Sal 200g,1
Queijo Prato Frimesa Peça Kg,1
Iogurte Skyr Moo Semidesnatado Zero Lactose Mel 130g,1
Iogurte Lacfree Verde Campo Morango 170ml,1
Massa De Pastel Picinini 1kg,1
Ravióli Mezzani Frango 400g,1
Bebida Láctea UHT Sabor Chocolate 200ml,1
Queijo Gorgonzola Vigor Pedaço kg,1
Bebida Láctea Nescafé Latte 270ml,1
Salame Sadia Salamitos Sweet Chilli 36g,1
Tofu Samurai Natural Orgânico 300g,1
Salame Defumado Perdigão Kg,1
Iogurte Verde Campo Natural Whey Torta de Limão 250g,1
Bebida Láctea Nestlé Fast Nescau 270ml,1
Salaminho Sadia Kg,1
Queijo Verde Campo Mussarela Lacfree Kg,1
Iogurte Batavo Jabuticaba 170g,1
Presunto Sadia Cozido sem Capa Peça Kg,1
Levíssimo Seara Fatiado Kg,1
Iogurte Natural Whey Verde Campo Cookies e Cream 250g,1
Iogurte Lacfree Verde Campo Banana, Maçã e Mamão 140g,1
Iogurte Lacfree Verde Campo Natural 170ml,1
Mortadela Ceratti com Azeitona Fatiada 150g,1
Shake Verde Campo Whey Cappuc 250ml,1
Suplemento Ultracoffee Cappuccino Plant Power Individual 10g,1
Suplemento Ultracoffee Chocolate Plant Power Individual 10g,1
Queijo Colonial Frimesa Fracionado Kg,1
Iogurte Fazenda Trevisan Natural Integral 500g,1
Apresuntado Muffato Foods Aurora Fatiado 200g,1
Queijo Parmesão Vigor Pedaço Kg,1
Levíssimo Seara Pedaço Kg,1
Levíssimo Seara Peça Kg,1
Iogurte Verde Campo Kids Banana e Maçã 170g,1
Iogurte Verde Campo Kids Morango 170g,1
Queijo Parmesão Cruzília Pedaço Kg,1
Queijo Parmesão Cruzília Peça Kg,1
Queijo Gouda Fracionado Vigor 200g,1
Queijo Gran Mestri Parmesao Pd Kg,1
Queijo Gran Mestri Montanhês Pedaço Kg,1
Queijo Gran Mestri Montanhes Pc Kg,1
Presunto Cru Haciendas com Osso 5kg,1
Iogurte Molico Morango 850g,1
Charque Paineira Traseiro 400g,1
Kit Haciendas Presunto Mini Jamon Reserva 1kg,1
Queijo Parmesão Président Peça Kg,1
Queijo Burrata de Búfala Tartufo Branco Búfalo Dourado 120g,1
Queijo Gouda Vigor Forma Pedaço kg,1
Queijo Provolone Vigor Forma Peça Kg,1
Queijo Gorgonzola Vigor Forma Peça Kg,1
Queijo Gouda Vigor Forma Peça Kg,1
Iogurte Yorgus Ultra Frutas Silvestres Sem Lactose 300g,1
Salame Haciendas Espanhol Reserva 100g,1
Salame Espanhol Haciendas Reserva 100g,1
Fondue de Chocolate ao Leite São Vicente 250g,1
Leite Letti Magro Semides 1l,1
Queijo Prato Frimesa Metade Kg,1
Salaminho Frimesa Kg,1
Iogurte Frimesa Parcialmente Desnatado com Polpa de Frutas 165g,1
Tofu Samurai Orgânico Ervas Finas 300g,1
Queijo Gorgonzola Quatá Kg,1
Queijo Polenghi Min Frescal 400 G,1
Massa Parafuso Semola Camil 500g,1
Queijo Faixa Azul Gorgonzola  Forma Kg,1
Água Sanitária Qboa 1L,4
Papel Higiênico Mimmo Folha Dupla 30m com 12 Rolos,3
Detergente Líquido Ypê Coco Branco 500ml,4
Água Sanitária Qboa 2L,4
Detergente Líquido Neutro Limpol Squeeze 500ml,4
Esponja Multiuso Esfrebom Leve 4 Pague 3 Unidades,4
Papel Higiênico Personal Vip Folha Dupla Neutro com 12 rolos de 30 metros,3
Detergente Líquido Cristal Limpol Squeeze 500ml,4
Limpador Multiuso Veja Gold Original com 3 unidades de 500ml,4
Lava-Roupas em Pó Omo Lavagem Perfeita  1,6kg,4
Desodorizador Sanitário Pato Caixa Acoplada Pinho 40g 2UN,4
Desinfetante  Lavanda Lysoform Frasco 2l,4
Água Sanitária Ypê 2L,4
Água Sanitária Ypê 5L,4
Limpador Multiuso Ypê Desengordurante com Álcool 500ml,4
Lustra-Móveis Ypê Brilho Multissuperfícies Lavanda 200ml,4
Água Sanitária Ypê 1L,4
Desinfetante Ypê Bak Lavanda 500ml,4
Limpador Cremoso Ypê Premium Original 300ml,4
Saco Plástico Freezer Roll 2L C/50 1Un,4
Lustra-Móveis Ypê Brilho Multissuperfícies Jasmin 200ml,4
Limpador Multiuso Ypê com Álcool 500ml,4
Desinfetante Ypê Bak Eucalipto 2L,4
Saco Plástico para Freezer, Geladeira e Micro-Ondas 3l Freezer Roll 23cm x 38cm 50 Unidades,4
Limpador Perfumado Ypê Premium Azul Tropical 2L,4
Limpador Multiuso Ypê Tira-Manchas 500ml,4
Desinfetante Ypê Bak Floral 500ml,4
Limpador Cremoso Ypê Premium Lavanda 300ml,4
Limpador Perfumado Ypê Premium Amor de Verão 1L,4
Limpador Perfumado Ypê Premium Jardim Secreto 1L,4
Desinfetante Ypê Pinho Tradição 1L,4
Limpador Limpeza Pesada Ypê Original 1L,4
Desinfetante Ypê Pinho Tradição 500ml,4
Desinfetante Ypê Pinho Tradição 2L,4
Detergente Ypê Neutro 500ml 6un,4
Detergente Ypê Clear 500ml 6un,4
Lava-Louças em Pó Ypê para máquina de Lavar Louças, Pote 1kg,4
Saco de Lixo Sert Lixo 50L Rolo 30un,4
Lava Roupas em Pó Tixan Ypê Primavera 2,2Kg,4
Sabão Líquido Tixan Ypê Primavera 3 Litros,4
Desinfetante de Banheiro Especialista Cif Tira Limo Com Cloro Squeeze 500ml,4
Limpador Multiuso Veja Gold Original 500ml com 10% de Desconto,4
Detergente Sanitário Gel Adesivo com Aplicador Azul Pato 38g Refil,4
Amaciante Concentrado Comfort Puro Cuidado 1L,4
Amaciante Roupa Fofo Concentrado Azul Tudão Refil Sachê - 900ml,4
Lava Roupas Líquido Tixan Ypê Primavera 5 Litros,4
Lava Roupas Líquido Tixan Ypê Maciez 3L,4
Desengordurante Veja Cozinha Limão 500ml Oferta,4
Pano Multiuso Reutilizável Branco Limppano Toalex 44 Unidades,4
Limpador Veja para Limpeza Pesada Original Embalagem Econômica 1L,4
Limpa Vidros Veja Vidrex Tradicional 500ml Oferta,4
Limpador Multiuso Veja Gold Lavanda e Álcool 500ml com 10% de Desconto,4
Kit Desodorizador Sanitário Pato Gel Adesivo Marine Refil 6 Discos com 2un,4
Desinfetante Líquido Lysoform Original 1L,4
Limpador Veja Multiuso Floral 500ml 10% de Desconto,4
Detergente para Lava Louças em tabletes Finish com 30 unidades,4
Limpador Desengordurante Veja Cozinha Limão 400ml Refil Econômico,4
Amaciante Comfort Energia Floral 1L,4
Purificador Bom Ar Air Wick Aerosol Lavanda 360ml,4
Tira Manchas em Pó Vanish Oxi Action 1,2kg para Roupas Coloridas,4
Sabão em Pó Tixan Ativo Concentrado Sachê 1,6Kg,4
Desinfetante Líquido Lysoform Lavanda 1L,4
Inseticida Aerossol Multi-Insetos à Base de Água Raid Frasco 420ml Spray Leve Mais Pague Menos,4
Tira Manchas Vanish Líquido Multiuso para roupas coloridas Refil Econômico 500ml,4
Detergente Sanitário Pastilha Adesiva Fresh Pato 3 Unidades Oferta Especial,4
Lava-Louças em Pó Ypê para Máquina de Lavar Louças 450g,4
Aromatizador Bom Ar Aerossol Cheirinho de Talco 360ml Embalagem Econômica,4
Tira Manchas Vanish Líquido Crystal White 1,5L para Roupas Brancas,4
Desodorizador Sanitário Pato Pastilha Adesiva Lavanda 3UN 20% Desconto,4
Lava Roupas Líquido Tixan Ypê Primavera Refil 900ml,4
Desodorizador Sanitário Pato Gel Adesivo Marine Refil 6 Discos Aparelho Grátis,4
Tira Limo Veja Banheiro X14 Spray 500ml Oferta,4
Detergente para Lava Louças em Pó Finish 450g,4
Desinfetante Aerossol Lysoform Original 360ml,4
Kit Detergente Pó Power Powder Advanced 450g + Secante Abrilhantador 250ml para Máquina de Lavar Louças Finish,4
Tira Manchas em Barra Vanish White 75g para Roupas Brancas,4
Inseticida Aerossol Multi-Insetos com Óleo de Citronela Raid Essencial Frasco 420ml Spray,4
Tira Manchas Vanish Líquido Crystal White para roupas brancas Embalagem Econômica 1,2L,4
Amaciante Concentrado Ypê Encanto 1,5L,4
Desinfetante Sanitário Líquido Harpic Power Plus Marine 500ml,4
Desodorizador Sanitário Pato Gel Adesivo Lavanda Refil 6 Discos Aparelho Grátis,4
Limpador Veja Gold Multiuso Campestre 500ml com 10% de Desconto,4
Desinfetante Aerossol Lysoform Lembranças de Infância 360ml,4
Desengordurante Mr Músculo Cozinha Laranja Aparelho 500ml,4
Tira Manchas Vanish Líquido Multiuso para roupas coloridas embalagem econômica 1,2L,4
Multi Inseticida SBP Aerossol Óleo de Eucalipto 450ml Leve+ Pague-,4
Desengordurante Veja Cozinha Laranja 400ml Refil Econômico,4
Desodorizador Glade Aerossol Lembranças de Infância 360ml Oferta Especial,4
Desodorizador Sanitário Pato Pastilha Adesiva Citrus 3un 20% Desconto,4
Lava-Roupas Líquido Omo Lavagem Perfeita Galão 3l,4
Desodorizador Glade Aerossol Frutas e Flores Vibrantes 360ml Oferta Especial,4
Tira Manchas em Barra Vanish 75g para Roupas Coloridas,4
Desodorizador Glade Aerossol Frescor de Águas Florais 360ml Oferta Especial,4
Desodorizador Glade Aerossol Lavanda 360ml Oferta Especial,4
Limpador Perfumado Veja Jasmin do Caribe 1L,4
Aromatizador Bom Ar Aerossol Flores de Jasmim 360ml Embalagem Econômica,4
Amaciante Concentrado Ypê L'Occitane au Brésil 1 Litro,4
Esponja Aço Limppano 16g,4
Pano Multiuso em Rolo Azul Limppano Furatto Roll 20 Unidades,4
Desodorizador Sanitário Pato Pastilha Adesiva Floral 3UN 20% Desconto,4
Papel Higiênico Neve Toque da Seda Folha Dupla Neutro 30m Leve 12un Pague 11un,3
Tira Manchas Vanish Líquido Multiuso para roupas coloridas 1,5L,4
Limpador Veja para Limpeza Pesada Cloro Ativo Embalagem Econômica 500ml,4
Lava Roupa Em Pó Tixan 800g Leve 2 Grátis Amaciante Concentrado Ypê 500ml,4
Limpador Veja Limpeza Pesada com Álcool Original 1L,4
Multi Inseticida Aerossol SBP Óleo de Eucalipto 380ml Embalagem Econômica,4
Difusor Elétrico Bom Ar Lirio Branco e Algodão Aparelho + Refil 16ml,4
Desinfetante Multisuperficies Veja Power Action Lavanda 1L,4
Limpador Mr Músculo Banheiro Tira Limo 500ml Oferta Especial,4
Inseticida SBP Anti Aedes Aegypti Spray 450ml,4
Limpador Veja para Limpeza Pesada Original Embalagem Econômica 500ml,4
Desinfetante Líquido Harpic Cloro Forte 500ml,4
Aromatizador Bom Ar Aerossol Aroma Sense Alegria 360ml,4
Desodorizador Sanitário Pato Caixa Acoplada Marine 40g Leve 3 Pague 2,4
Papel Higiênico Personal Vip Folha Dupla 30m Leve 18un Pague 16un,3
Limpador Perfumado Veja Flores do Mediterrâneo 1L,4
Sabão em Pó Tixan Ypê Primavera  2,2kg,4
CIF Cremoso Limpeza Milagrosa remove 100% da sujeira 450 ml,4
Papel Higiênico Mili Dual Folha Dupla Neutro Pacote com 12 Rolos,3
Amaciante Concentrado Ypê Blue 500ml,4
Tira Limo Veja Banheiro X14 500ml,4
Lava Roupas em Pó Tixan Ypê Antibac 1,6Kg,4
Repelente Elétrico Líquido Raid Refil 2UN de 32,9ml,4
Limpador Multiuso Veja Gold Original 750ml Embalagem Econômica,4
Detergente Sanitário Gel Adesivo Lavanda Pato 38g Refil,4
Pano Multiuso Azul Limppano Furatto 5 Unidades,4
Limpador Perfumado Veja Lavanda da França 1L,4
Tira Manchas Vanish em Pó Oxi Action para roupas coloridas refil econômico 240g,4
Papel Higiênico Mili Prime Folha Tripla Neutro 12 Rolos,3
Luva Velouté Amarela Limppano P,4
Pano Multiuso Rosa Limppano Furatto 5 Unidades,4
Desinfetante Multiuso Veja Power Fusion Coco 500ml,4
Desodorizador Sanitário Pato Pedra Lavanda 25g 25% Desconto,4
Luva Velouté Amarela Limppano M,4
Repelente Elétrico Líquido SBP 45 Noites Cheiro Suave Novo Aparelho + Refil,4
Detergente Sanitário Pastilha Adesiva Lavanda Pato 3 Unidades,4
Harpic Pedra Sanitária Aroma Plus Lavanda 1Un 40% de Desconto,4
Papel Higiênico Personal Vip Folha Dupla Neutro com 16 rolos de 30 metros,3
Inseticida Aerossol Raid Mata Baratas e Formigas 420ml Embalagem Econômica,4
Limpador Multiuso Veja Power Fusion Laranja 500ml,4
Tira Manchas em Pó Vanish Crystal White Oxi Action 450g para Roupas Brancas,4
Limpador Veja Banheiro Oxi Anti Bac Spray 500ml Oferta,4
Kit Desodorizador Sanitário Pato Caixa Acoplada Marine 40g 2UN 50% Desconto na Segunda Unidade,4
Desodorizador Glade Aerossol Brisa Cítrica de Verão 360ml Oferta Especial,4
Sabão em Pó Tixan Ypê Maciez 1,6Kg,4
Tira Manchas Pré Lavagem Vanish Resolv 450ml para Roupas Coloridas,4
Desodorizador Sanitário Pato Gel Adesivo Citrus Refil 6 Discos,4
Desinfetante Líquido Lysoform Citrus 1L,4
Multi Inseticida Aerossol SBP Óleo de Citronela 380ml Embalagem Econômica,4
Veja Banheiro Antibac Sachet 400ml,4
Esponja Scotch-Brite Limpeza Pesada com 4 Unidades,4
Limpador de Banheiro Antibac Veja Lavanda 400ml Refil,4
Tira Manchas em Pó Vanish Multi Power Oxi Action 450g para Roupas Coloridas,4
Limpador Cozinha Veja Cozinha Lavanda Squeeze 500ml,4
Desinfetante Cozinha Laranja Mr Músculo Platinum Sachê 400ml,4
Pano Multiuso em Rolo Azul Limppano Furatto Roll 30 Unidades,4
Harpic Pedra Sanitária Aroma Plus Pinho 1Un 40% de Desconto,4
Repelente Elétrico Líquido SBP 45 noites Refil 1 unidade 35ml,4
Detergente Gel Ypê Concentrado Green 406g,4
Lava-Roupas Woolite para Roupas Escuras Floral 450 ml,4
Limpador e Aromatizador Sanitário Pastilha Adesiva Power 2 em 1 Lavanda Harpic 3 unidades,4
Limpador Desengordurante Veja Cozinha Limão com 2 unidades de 400ml,4
Limpador Cozinha Veja Cozinha Lavanda Trigger Promo 500ml,4
Amaciante de Roupa Concentrado Frescor Intenso Comfort Frasco 1,8l Embalagem Econômica,4
Sabão em Pasta Assolan Neutro 500g,4
Limpador Veja Cozinha Lavanda 400ml,4
Limpador Veja Banheiro Antibac Squezee 500ml,4
Harpic Limpador e Aromatizador Sanitário Pastilha Adesiva Power 2 em 1 Pinho 3 unidades - Leve 3 Pague 2,4
Harpic Pedra Perfumada Flores da Primavera 1un,4
Limpador Mr Músculo Banheiro Tira Limo Aparelho 500ml 30% de Desconto,4
Limpador e Aromatizador Sanitário Harpic para Caixa Acoplada Marine 50g 50% off na 2ª uni.,4
Limpador e Aromatizador Sanitário Harpic Pastilha Adesiva Power 2 em 1 Pinho 3 unidades - 9g cada,4
Álcool Araucária 46 Inpm 1L,4
Repelente Elétrico SBP Pastilha Refil 12 Horas Leve 12 unidades Pague 10,4
RAID PLANT BASE 420ML 12,4
Detergente Tablete para Máquina de Lavar Louças Finish Powerball Quantum Ultimate Pouch 138g 10 Unidades,4
Luva Velouté Amarela Limppano G,4
Lava-Roupas em Pó Surf Rosas e Flor-de-Lis 1,6kg,4
Papel Higiênico Duetto Neutro Folha Dupla 30m 12un,3
Sabão em Barra Ypê Neutro 800g,4
Lava-Roupas em Pó Omo Lavagem Perfeita 1,6kg,4
Kit Pano Prat Csa Chao 50X80Cm 2Pcs Un,4
Rodo Prat Csa Seke Facil 32Cm Un,4
Amaciante Concentrado Comfort Frescor Intenso 1,5 L,4
Odorizador Sanitário Líquido Lavanda Pato Block 60ml Spray,4
Detergente Líquido Ypê Clear Transparente 500ml,4
Kit 2 Odorizadores de Ambiente Voo em Bonito + 1 Brinde a Noronha Glade Toque de Frescor 12ml Cada Refil,4
Kit 1 Odorizador de Ambiente Voo em Bonito + 1 Brinde a Noronha Glade Automatic 260ml Cada Refil,4
Lava-Roupas Líquido Omo Ciclo Rápido Ação Cuidado Frasco 1,4l,4
Amaciante de Roupa Concentrado Brisa Suave Downy Sachê 750ml Refil,4
Odorizador de Ambiente Brinde a Noronha Glade Automatic Frasco 260ml Refil,4
Odorizador de Ambiente Relax Lavender Glade Home Fragrance Frasco 265ml Borrifador,4
Amaciante de Roupa Concentrado Lavanda Extra Downy Frasco 500ml,4
Kit 1 Aparelho + 1 Odorizador de Ambiente Voo em Bonito Glade Toque de Frescor 12ml Refil,4
Escova Prat Csa Limp Louça Easysc C/Cab Un,4
Vassoura Prat Csa Delicada Un,4
Sabão Líquido Tixan Ypê Combate Mau Odor 1L,4
Kit Pano Prat Csa Banhei 40X60Cm 2Pcs Un,4
Amaciante de Roupa Concentrado Energia Floral Comfort Sachê 900ml Refil,4
Álcool Tupi Zerobac 46,2 Inpm Neutro 1L,4
Amaciante Concentrado Comfort Puro Cuidado 1.5L,4
Amaciante de Roupa Concentrado Brisa Elegante Comfort Sachê 900ml Refil,4
Aparelho e Odorizador de Ambiente Voo em Bonito Glade Automatic Caixa 260ml Spray Refil,4
Odorizador Sanitário Líquido Algodão Pato Block 60ml Spray,4
Aparelho e Odorizador de Ambiente Brinde a Noronha Glade Automatic Caixa 260ml Spray Refil,4
Odorizador de Ambiente Aerossol Voo em Bonito Glade Frasco 360ml Spray,4
Lava-Roupas Líquido Omo Ciclo Rápido Ação Total Frasco 1,4l,4
Odorizador de Ambiente Aerossol Brinde a Noronha Glade Frasco 360ml Spray,4
Rodo Prat Csa Mop Spray 350Ml Aco Un,4
Odorizador Sanitário Líquido Eucalipto Pato Block 60ml Spray,4
Pá Prat Csa Gde Articulada Un,4
Lava-Roupas Líquido Omo Ciclo Rápido Ação Antiodor Frasco 750ml,4
Lava-Roupas Líquido Omo Ciclo Rápido Ação Total Frasco 750ml,4
Lava-Roupas em Pó Omo Lavagem Perfeita 2,2kg,4
Limpador Perfumado Veja Lavanda da França 2L,4
Amaciante de Roupas Ypê Tradicional Aconchego 2L,4
Saco de Lixo Sert Lixo Rolo 15L  60 Unidades,4
Amaciante de Roupa Concentrado Brisa de Verão Downy Frasco 1,5l,4
Esponja Azul Não Risca Louças Delicadas Scotch-Brite Antibac 3 Unidades,4
Papel Higiênico Mimmo Folha Dupla 30m com 16 Rolos,3
Saco de Lixo Sert Lixo Rolo 105L 15 Unidades,4
Saco para Lixo Brilhus Rolo 100L com 15un,4
Esponja Laranja Não Risca Louças Delicadas Scotch-Brite Antibac 3 Unidades,4
Saco para Lixo Brilhus Rolo 30L com 30un,4
Saco para Lixo Pia e Banheiro 10l Dover Roll Odor Defense 50 Unidades,4
Saco para Lixo Brilhus Rolo 50L com 30un,4
Amaciante de Roupas Ypê Tradicional Intenso 2L,4
Tira Limo Veja Banheiro X14 500ml Oferta,4
Saponáceo Cremoso Multiuso Clássico Sapólio Radium Squeeze 450ml,4
Saco de Lixo Sert Lixo Rolo 30 Unidades,4
Esponja Aço Bombril Eco 60g 8 Unidades,4
Amaciante Concentrado Girando Sol Coco e Baunilha 1L,4
Lava-Roupas Pó Roupas Brancas e Coloridas Brilhante Limpeza Total Caixa 2,2kg Tamanho Família,4
Papel Higiênico Personal Vip Folha Dupla com 12 rolos de 20 metros,3
Papel Higiênico Mili Prime Folha Tripla Neutro 4 Rolos,3
Amaciante Soft Plus Floral 5L,4
Lava-Roupas Líquido Brilhante Limpeza Total Frasco 3l,4
Vassoura Multiuso Original Noviça,4
Lava-Roupas Líquido Omo Ultra Power Frasco 1,8l,4
Papel Higiênico Neve Folha Dupla Neutro 20m com 18 Rolos,3
Detergente Líquido Ypê Capim Limão Verde 500ml,4
Saco para Lixo Pia e Banheiro Flower Power 10l Dover Roll Odor Defense 50 Unidades,4
Querosene Petrus 800ml,4
Desinfetante Pinho Sol Lavanda 1L,4
Tira Manchas Vanish em Pó Oxi Action para roupas coloridas Refil Econômico 400g,4
Limpador Perfumado Veja Flores do Mediterrâneo  2L,4
Esponja Aço Média nº 1 Brillo 25g,4
Amaciante de Roupa Concentrado Brisa Intenso Downy Frasco 1,5l,4
Lava-Roupas Pó Girando Sol Optical Wash Floral Paris 2.4kg,4
Esponja Aço Fina nº 0 Brillo 25g,4
Papel Higiênico Neve Supreme Folha Tripla Neutro 20m Leve 18un Pague 16un,3
Lava Roupas em Pó Brilhante Perfume e Cuidado Extraordinário 1.6 kg,4
Esponja Limpeza Extrema Scotch-Brite Antibac Leve 4 Pague 3 Unidades,4
Lava-Roupas Líquido Coco Ola 1L,4
Saco para Lixo Brilhus Rolo 15L,4
Papel Higiênico Neve Supreme Folha Tripla Neutro 20m Leve 12un Pague 11un,3
Amaciante Concentrado Comfort Segredos 48 Frasco 1.5L,4
CIF Cremoso Limpeza Milagrosa  Leve 450ml Pague 360ml,4
Saco de Lixo Dover Roll Resistente C20 30l 1un,4
Desinfetante Líquido Lysoform Original 2L,4
Cif Cremoso Limpeza Milagrosa Limão 450 ml,4
Saco de Lixo Dover Roll Resistente  C10 100l  1un,4
Sabão em pó 5 em 1 Surf Cuidado do coco 1,6 kg,4
Papel Higiênico Mili Bianco Folha Simples Neutro Pacote com 16 Rolos,3
Detergente Líquido Coco Limpol Squeeze 500ml,4
Detergente Líquido Ypê Clear Care Rosa 500ml,4
Lava-Roupas Líquido Omo Lavagem Perfeita Sachê 900ml Refil,4
Lava-Roupas Pó Assim Bicarbonato Triplação Caixa 1,6kg,4
Tira Manchas Vanish em Pó Crystal White Oxi Action para Roupas Brancas Refil Econômico 400g,4
Lava-Roupas em Pó Girando Sol Optical Wash Floral Paris 1.6kg,4
Limpador Perfumado Ajax Festa das Flores Lavanda 1L,4
Lava-Roupas em Pó Omo Expert Branco Absoluto 720g,4
Limpador Uau Multi Uso  Rosas e Sedução 500ml,4
Amaciante Concentrado Downy Brisa de Verão Refil 1,2L,4
Amaciante Diluído Comfort Explosão Azul 1.8L,4
Saco de Lixo Sert Lixo 150L com 25un,4
Lava Roupas em Pó Tixan Ypê Primavera 800g,4
Sabão em Pó Omo Lavanda 1.6kg,4
Limpador Perfumado Concentrado Chá Branco Coala Squeeze 120ml,4
Lava-Roupas Líquido Roupas Escuras e Pretas Ola 1L,4
Lava-Roupas Pó Roupas Brancas e Coloridas Brilhante Limpeza Total Caixa 1,6kg Grátis 150g,4
Pastilha Adesiva Sanitária Desoflor Lavanda Leve 4 Pague 3 Unidades,4
Limpador Desengordurante Multiuso Uau  Limão-Siciliano 500ml,4
Saponáceo Radium Sapólio Cremoso Classic 250ml,4
Limpador Perfumado Coala Concentrado Lavanda 120ml,4
Desinfetante Uso Geral Lavanda e Melaleuca Pinho Sol Natural Essentials Frasco 1l,4
Limpador Especialista CIF Derrete Gordura 500 ml,4
Limpa Vidros Spray Veja Vidrex Cristal 500ml Oferta,4
Lava-Roupas Líquido Omo Puro Cuidado Sachê 900ml Refil,4
Esponja Mágica Pratic Casa com 3 Unidades,4
Pano de Chão Alvejado Duplo Flabom 40cm x 60cm,4
Pano Reutilizável Scott Duramax Branco com 58un,4
Saco para Lixo Reforçado 100l Dover Roll Super Forte 10 Unidades,4
Sabão em Barra Assim Neutro 900g,4
Detergente Líquido Ypê Limão Verde 500ml,4
Saco de Lixo Dover Roll Reciclagem C20 50 L 1un,4
Limpador Tira-Limo Veja X-14 Banheiro Refil 400ml,4
Amaciante de Roupa Concentrado Brisa Suave Downy Frasco 1,5l,4
Repelente Elétrico Líquido SBP 45 noites 3 Refis Oferta Especial,4
Lava-Roupas Líquido Bebê Omo Squeeze 900ml,4
Desinfetante Uso Geral Suave Odor Lysoform Frasco 2l,4
Desinfetante Pinho Sol Original 1L,4
Lava-Roupas Líquido Carinho & Proteção Vida Macia Frasco 1l,4
Desodorizador Flor de Algodão Bom Ar Frasco 360ml Embalagem Econômica,4
Lava-Roupas Líquido Original Ola  1L,4
Pack Detergente Limpol Cristal Leve Mais Pague Menos 6Un,4
Limpador Ajax  Fresh Lemon Frasco Leve 1000ml Pague 800ml,4
Saponáceo Cremoso Multiuso Lavanda Sapólio Radium Squeeze 250ml,4
Papel Higiênico Personal Vip Folha Dupla Neutro 30m Leve 24 Pague 22 Unidades,3
Pack Detergente Limpol Neutro Frasco  6Un.,4
Desinfetante Sanol Herbal 2L,4
Palha Aço Grossa Brillo 25g,4
Inseticida Aerossol Raid Multi-insetos Base Água Eucalipto Leve Mais Pague Menos 420ml,4
Limpador Multiuso Veja Power Fusion Limão 500ml,4
Detergente Líquido Maçã Limpol Squeeze 500ml,4
Limpador Coala Concentrado Talco 120ml,4
Sabão em Barra Ypê Neutro 160g,4
Limpador Veja Power Fusion Bicarbonato e Álcool Limão 1L,4
Lava Roupas em Pó Omo Lavagem Perfeita Sanitiza e Higieniza 2.2kg,4
Amaciante de Roupa Mais Perfume Mon Bijou Galão 5l,4
Papel Higiênico Duetto Folha Tripla 20m com 12 Rolos,3
Cera Líquida Brilho Fácil Incolor 750ml,4
Lava-Roupas em Pó Brilhante Limpeza Total 4kg,4
Óleo de Peroba King 200ml,4
Detergente Minuano Fresh 500ml,4
Repelente Elétrico Líquido Raid 45 Noites Refil 3UN de 32,9ml,4
Pano de Chão Flabom Alvejado Duplo 50x84cm,4
Detergente Minuano Neutro 500ml,4
Detergente Minuano Coco 500ml,4
Desodorizador Glade Toque de Frescor Refil Lavanda 12ml Leve 3 Pague 2,4
Amaciante de Roupa Concentrado Água Fresca Downy Frasco 1,5l,4
Desinfetante Pinho Sol Limão 1L,4
Amaciante de Roupas Ypê Tradicional Delicado 2L,4
Lava-Roupas em Pó Omo Puro Cuidado 1,6kg,4
Repelente Elétrico Líquido Raid 45 Noites Aparelho e Refil de 32,9ml Oferta Especial,4
Limpador Perfumado Concentrado Coala Eucalipto Citriodora 120ml,4
Limpador Casa  Perf Sensualidad Fc 2 L,4
Lustra Móvel Bravo Brilho Prático Lavanda 200ml,4
Amaciante Concentrado Downy Brisa de Verão 3L,4
CIF Cremoso Limpeza Milagrosa remove 100% da sujeira 250 ml,4
Sabão em pó 5 em 1 Surf Cuidado do coco 800 g,4
Sabão em Barra Minuano Coco 500g,4
Limpador Cif Especialista Desengordurante para Cozinha 500ml,4
Inseticida Isca Mata Baratas Raid Caixa 6 Unidades 2,6g Cada,4
Limpador Ajax Fresh Original 1L,4
Rodo Pratic Casa Limpeza Pesada,4
Lava-Roupas Líquido Brilhante Limpeza Total Sachê 900ml Refil,4
Desinfetante Pinho Sol Lavanda Leve 500ml Pague 450ml,4
Lava-Roupas Pó Assim Bicarbonato Triplação Caixa 800g,4
Saponáceo Cremoso Sapólio Radium Squeeze 450ml,4
Vassoura Pratic Casa Máxima,4
Rodo Pratic Casa Seke Facil 42cm Unidade,4
Sabão em Barra Ypê Coco e Aveia 160g,4
Inseticida Aerossol Baygon Ação Total 360ml,4
Lava-Roupas Líquido Lavanda Omo Sachê 900ml Refil,4
Desinfetante  Pinho Sol Original Leve 1000ml Pague 900ml,4
Repelente Off Family Aerossol 170ml,4
Amaciante Concentrado Downy  Brisa de Verão Frasco 500ml,4
Cloro Gel Lysoform Original 500ml,4
Desinfetante Sanitário Líquido Harpic Power Plus Lavanda 500ml,4
Pastilha Adesiva Sanitária Desoflor Citrus 3un,4
Amaciante Concentrado Comfort Frescor Intenso 900 ml Refil,4
Odorizador de Ambiente Aerossol Puro Ar Lavanda 350ml,4
Amaciante Concentrado Comfort Lavanda 1.5L,4
Esponja Scotch-Brite Limpeza Pesada 1un,4
Pano Mágico Pratic Casa Pia 35x35cm com 2un,4
Detergente Líquido Limão Limpol Squeeze 500ml,4
Desodorizador Glade Automatic Spray Refil Toque de Maciez 269ml Oferta Especial,4
Cloro em Gel Qboa Lavanda 1L,4
Limpa Vidros Spray Veja Vidrex Cristal 500ml Refil,4
Limpa-Vidro Suave Limpol Frasco 500ml Borrifador,4
Amaciante Concentrado Comfort Frescor Intenso 1 L,4
Limpador Casa e Perfume Agradable 1L,4
Soda Caustica Bell Pote 1 Kg,4
Lava-Roupas Líquido Delicadeza do Coco Surf Frasco 3l,4
Água Sanitária Girando Sol Tira Limo Tradicional 2L,4
Detergente Líquido Girando Sol Coco 500ml,4
Lava-Roupas Pó Concentrado Minuano Máxima Limpeza 800g,4
Odorizador de Ambiente Aerossol Puro Ar Capim-Limão 350ml,4
CIF Cremoso Limpeza Milagrosa Limão para casa 250 ml,4
Limpador Perfumado Concentrado Coala Citronela 120ml,4
Pedra Odorizante Sanitária Desoflor Lavanda 35g,4
Alvejante Qboa Oxi sem Cloro 2L,4
Lava-Louças Pó para Máquina Limpol Frasco 1kg,4
Limpador Especialista Cif Limpa Vidros Gatilho 500 ml,4
Comfort Boom Perfume em Cristais Euforia Floral 275 G,4
Vassoura Noviça Varry 1000 1un,4
Limpador Especialista Cif Cozinha 450 ml Refil Econômico,4
Desentupidor de Pia Diabo Verde 300g,4
Limpador  Perfumado Ajax Fresh Lemon 1L,4
Rolo Adesivo Tira-Pelos Scotch-Brite 100mm x 3,1m 21 Folhas,4
Limpador Cif Cremoso Multiuso Laranja 500ml,4
Saco para Lixo Reforçado 30l Dover Roll Super Forte 20 Unidades,4
Desodorizador Glade Automatic Spray Refil Lavanda e Baunilha 269ml Oferta Especial,4
Limpador para Limpeza Pesada Veja Power Fusion Pisos Cloro 1L,4
Desinfetante Pinho Sol Floral 500ml,4
Limpador Coala Concentrado Floral 120ml,4
Pano Mágico Pratic Casa Microfibra 60x80cm,4
Pedra Sanitária Harpic Bosque de Pinho 2un,4
Amaciante Concentrado Comfort Cuidado Essencial 500ml,4
Esponja Não Risca Banheiro Scotch-Brite 3 Unidades,4
Pastilha Adesiva Sanitária Desoflor Lavanda 3un,4
Limpador Multiuso Facille Lavanda Squeeze 550ml,4
Desinfetante Pinho Sol Original 500ml,4
Detergente Pó para Máquina de Lavar Louças Finish Power Powder Advanced Pote 1kg,4
Panos Umedecidos Coperalcool Bacfree Álcool 70° com 15un,4
Desodorizador Glade Difusor Lavanda 100ml,4
Luvas Esfrebom Multiuso P,4
Sabão em Barra Ypê Multi Ativo 180g,4
Essência Concentrada Aromasil Cereja e Avelã 140ml,4
Pedra Odorizante Sanitária Desoflor Floral 35g,4
Limpador Multiuso Facille Tradicional Squeeze 550ml,4
Amaciante Concentrado Ypê Blue 1L,4
Difusor de Aromas Glade Brisa Cítrica de Verão 100ml,4
Vassoura Multiuso Max Noviça,4
Amaciante Girando Sol Talco Delicado 2L,4
Álcool em Gel Da Ilha Tradicional 70° 480g,4
Álcool em Gel Da Ilha Acendedor 80 INPM 480g,4
Difusor Elétrico Bom Ar Lirio Branco e Algodão Refil 16ml,4
Limpador Multiuso Flores & Folhas Uau Perfumes 500ml,4
Desinfetante Sanol Eucalipto 2L,4
Tablete Sanitário Desoflor para Caixa Acoplada Lavanda 50g,4
Limpador para Porcelanato Facille 1L,4
Anti Mofo Desoflor Carvão Ativado 160g,4
Inseticida Aerossol Raid Multi-insetos Aqua Protection 420ml,4
Inseticida Aerossol Mata Baratas e Formigas Base Água Raid Frasco 420ml Leve Mais Pague Menos,4
Desodorizador Glade Automatic Spray Refil Frescor de Águas Florais 269ml Oferta Especial,4
Desengordurante Spray Veja Cozinha Limão 500ml Oferta,4
Rodo Pratic Casa Limpeza Leve Unidade,4
Essência de Eucalipto Aromasil 140ml,4
Naftalina em Bolas Desoflor 30g,4
Pano Pratic Casa Multiuso 25x50 cm 30 Unidades Cores Sortidas,4
Tira Manchas em Pó Tixan Ypê Roupas Brancas e Coloridas Sachê 420g,4
Detergente Girando Sol Natural 500ml,4
Amaciante Soft Plus Floral 2L,4
Lava-Roupas Pó Concentrado Minuano Máxima Limpeza 1,6kg,4
Rodo para Pia Brilhus,4
Saco Flabom Alvejado Xadrez 45x60cm,4
Escova Pratic Casa Sanitária Com Pote,4
Amaciante de Roupa Concentrado Pêssego, Baunilha e Florais Downy Sensitive Frasco 1,35l,4
Luvas Esfrebom Multiuso G,4
Escova Pratic Casa Sanitária Sem Pote,4
Rolo Adesivo Tira-Pelos Scotch-Brite 100mm x 3,1m 21 Folhas Refil,4
Saco para Lixo Preto 30l Dover Roll Resist 20 Unidades,4
Óleo Peroba Madeira Escura 200ml,4
Cloro Gel Vim Original 700ml,4
Pedra Odorizante Sanitária Desoflor Eucalipto 35g,4
Detergente Girando Sol Neutro 500ml,4
Amaciante de Roupa Concentrado Frescor da Primavera Downy Frasco 1,5l,4
Tira-Manchas Líquido Semorin 100ml,4
Limpador Ajax Fresh Limpeza Pesada 1,75L,4
Amaciante Concentrado Ypê Delicado 1L,4
Amaciante Diluído Comfort Tradicional Puro Cuidado 1.8 L,4
Escova  Noviça  Betta  Jeans,4
Desentupidor Diabo Verde Líquido 1L,4
Lava-Roupas em Pó Omo Puro Cuidado Caixa 2,2kg,4
Lava-Roupas Líquido Bebê Omo Frasco 450ml,4
Desinf Lysoform Aero Citrus Fc 360ml,4
Rodo Noviça Vai e Vem Plus M,4
Saco para Limpeza Flabom 50x70cm Xadrez,4
Rodo Brilhus Médio,4
Essência Aromasil Lavanda 140ml,4
Lava-Roupas Líquido Roupas Brancas e Coloridas Coco & Baunilha Girando Sol Frasco 2l,4
Sabão Líquido Surf 5 em 1 Lavanda 3L,4
Pack Odorizador de Ambiente Lembranças de Infância Glade Automatic Frasco 2 Unidades 269ml Cada Spray Refil Super Oferta,4
Alvejante Girando Sol sem Cloro 2L,4
Esponja Limpeza Pesada Scotch-Brite Antibac 4 Unidades Pacote Econômico,4
Limpador Perfumado Uau  Lavanda & Conforto 1L,4
Desodorizador Sanitário Glade Pedra Bouquet de Lavanda 25g 25% Desconto,4
Rodo Pratic Casa Seke Facil 60cm,4
Inseticida Aerossol SBP Ultra Insetos Rasteiros 360ml,4
Kit Limpador Uau 2 Cloros Ativos 500ml Grátis 1 Multiuso Lavanda 500ml,4
Amaciante de Roupa Concentrado Místico Downy Perfume Collection Frasco 1,35L,4
Escova  Noviça  Protege  Unhas,4
Sanitizante em Pó Omo Lavagem Perfeita 1.6kg,4
Lava-Roupas Líquido Ola Bebê 500ml,4
Lava-Roupas Líquido Roupas Brancas e Coloridas Toque de Downy Ariel Cores Radiantes Sachê 1,8l Refil Embalagem Econômica,4
Escova Multiuso Noviça,4
Odorizador de Ambiente Aerossol Puro Ar Talco 350ml,4
Limpador Diluível Ajax Fresh 1L,4
Amaciante de Roupa Concentrado Brisa Intenso Downy Frasco 500ml 0ml,4
Desinfetante Líquido Lysoform Suave Odor 500ml,4
Pano Mágico Flabom Multiuso 28x38cm,4
Detergente Gel Ypê Concentrado Neutro + 406g,4
Esponja Multiuso Esfrebom 1un,4
Lava-Roupas Líquido Original Ola  500ml,4
Amaciante Concentrado Girando Sol Paixão Secreta 1L,4
Desinfetante Pinho Sol Original Refil Leve 500ml Pague 450ml,4
Álcool Higienizador em Gel Cooperalcool para Mãos 400g,4
Esponja Esfrebom Sfreg Dupla Face Un,4
Tira Manchas em Gel Tixan Ypê Roupas Brancas Refil 462g,4
Lava-Roupas Líquido Roupas Brancas e Coloridas Ariel Cores Radiantes Sachê 1,8l Embalagem Econômica,4
Sabão Indaiá Barra Coco 200g,4
Detergente em Pó Girando Sol Hipoalergênico 1,6kg,4
Amaciante Concentrado Ypê Pink Garden Refil 900ml,4
Amaciante Concentrado Comfort Puro Cuidado 500ml,4
Odorizador Aromasil Zero Odor Capim Limão 2 em 1 60ml,4
Repelente Off Active Spray 170ml,4
Inseticida Aerossol SBP Noites Tranquilas Anti Aedes Aegypti sem Cheiro 360ml,4
Odorizador de Ambiente Puro Ar Pétalas de Rosas 350ml,4
Odorizador Aromasil Zero Odor Herbal 2 em 1 60ml,4
Sabão Líquido Ypê Power Act Refil 900ml,4
Lava-Roupas Líquido Roupas Brancas e Coloridas Ariel Cores Radiantes Sachê 1,5l Embalagem Econômica,4
Amaciante Concentrado Fofo Cheirosíssimo Azul Tudão 500ml,4
Sabão em Barra Girando Sol Glicerina 200g,4
Detergente para Lava Louças em Tablete Finish 13 unidades,4
Óleo de Peroba Madeira Clara 200ml,4
Alvejante Sempre Viva Collors 2l,4
Limpa Forno Easy Off 250ml,4
Detergente Girando Sol Maçã 500ml,4
Amaciante de Roupa Qboa Carinho 5L,4
Escova Bettanin Noviça para Cantos,4
Limpador Cif Multiuso +Antibac 500ml,4
Antimofo Desoflor Lavanda 160g,4
Lava-Roupas Líquido Roupas Brancas e Coloridas Girando Sol Frasco 2l,4
Tira-Manchas a Seco Semorim 150ml,4
Desodorizador Glade Automatic Spray Aparelho + Refil Lavanda & Baunilha 269ml,4
Amaciante de Roupa Concentrado Lírios do Campo Downy Frasco 500ml,4
Tablete Sanitário Desoflor para Caixa Acoplada Pinho 50g,4
Amaciante Concentrado Comfort Expert Care Glamour 500ml,4
Álcool em Gel Coperalcool 70 Inpm 500ml,4
Limpador Especialista Cif Banheiro Sem Cloro  500ml,4
Escova de Longo Alcance Noviça 1un,4
Desinfetante Pinho Silvestre Pinho Bril Plus Squeeze 1l,4
Odorizador Aromasil Zero Odor Lavanda 2 em 1 60ml,4
Repelente Off Family Spray 100ml,4
Tira Manchas em Gel Tixan Ypê Roupas Brancas e Coloridas Refil 462g,4
Sabão Barra Glicerinado Fresh Ypê Pacote 900g 5 Unidades,4
Mosquicida  Kelldrin Poderoso Gel 10g,4
Amaciante Soft Plus Lavanda 2L,4
Amaciante de Roupa Concentrado Frescor da Primavera Downy Frasco 500ml,4
Amaciante de Roupa Concentrado Brisa Suave Downy Frasco 500ml,4
Rodo Pratic Casa Mop Chenil 120x43x13cm,4
Amaciante Concentrado Comfort Fiber Protect 1,5L,4
Esponja de Aço Brilho Pan Inox 10g,4
Amaciante de Roupa Concentrado Brisa Intenso Downy Frasco 1l,4
Alvejante com Cloro Girando Sol Lavanda 2L,4
Rolo Adesivo Tira-Pelos Scotch-Brite Pet 100mm x 3,1m 21 Folhas,4
Essência  de Romã Aromasil 140ml,4
Mult Inseticida Mat Inset Sem Cheiro 400ml 33% Grátis,4
Balde Usual Translucido Oval 15L,4
Limpador Ajax Fresh Lemon 500ml,4
Desinfetante Pinho Silvestre Pinho Bril Plus Squeeze Leve 1l Pague 900ml,4
Limpador Uau Multiuso Floral 500ml,4
Sabão em Barra Ypê Fresh 160g,4
Sabão em Barra Ypê Aloe Vera 160g,4
Lava-Roupas Líquido Roupas Brancas e Coloridas Glicerina Girando Sol Frasco 2l,4
Repelente Espiral Mat Inset Boa Noite Original 8un,4
Branqueador Anil Líquido Colman 200ml,4
Desodorizador Sanitário Glade Pedra Flores do Campo 25g,4
Vassoura Pratic Casa Cantos,4
Mult Inseticida Pastilha Mat Inset Refil Leve 12 Pague 10 Unidades,4
Escova Madeira Multiuso Brilhus,4
Luva Esfrebom Limpeza Delicada M 1un,4
Desinfetante Campos de Lavanda Pinho Bril Squeeze Leve 500ml Pague 450ml,4
Flanela de Algodão Flabom Branca 38x58cm,4
Água Sanitária Girando Sol Tira Limo Tradicional 1L,4
Cera Incolor Bravo Classic Brilho Natural 750ml,4
Inseticida Mat Inset Multi 360ml 33% Grátis,4
Amaciante Soft Plus Bebê 500ml,4
Amaciante Mon Bijou Mais Maciez 1.7L,4
Repelente Off Gel Toque Leve 100g,4
Luva Esfrebom Limpeza Delicada P 1un,4
Balde Mágico Pratic Casa com Cesto Inox 12 Litros,4
Limpador Aromasil Power Flotador 1L,4
Cera Ingleza  Max Vermelha 750ml,4
Escova Multiuso Brilhus,4
Sabão em Pasta Girando Sol Tradicional 500g,4
Esponja Scoth-Brite Grill Grelhas e Churrasqueiras 1un,4
Tira Manchas em Pó Tixan Ypê Roupas Brancas 420g,4
Vassoura Pratic Casa Performa,4
Repelente Pastilha Elétrico 12 Noites Raid Pacote Leve 12 Pague 10 Unidades Refil,4
Esponja Não Risca Esfrebom,4
Amaciante de Roupa Concentrado Brisa de Verão Downy Frasco 1l,4
Aromatizador de Ambiente Bom Ar Automático Aerossol Freshmatic Campos de Lavanda Aparelho + Refil 250ml,4
Amaciante Concentrado Fofo Azul Tudão Embalagem Econômica 1.5L,4
Saco Flabom Alvejado Algodão Barca 48x60cm,4
Pá Noviça Clipá,4
Gel Adesivo Sanitário Desoflor Lavanda Refil 37g,4
Lava-Roupas em Pó Omo Lavanda 800g,4
Anti Mofo Desoflor Aroma Floral 80g,4
Multi-Inseticida Aerossol Mat Inset Citronela 360ml Grátis 33%,4
Escova Noviça Adapt,4
Limpador para Limpeza Pesada Veja Power Fusion Pisos Cloro 500mL,4
Refil Mop Noviça Alta Performance 1un,4
Luva Esfrebom Limpeza Delicada G 1un,4
Desinfetante Pinho Silvestre Pinho Bril Plus Squeeze Leve 500ml Pague 450ml,4
Limpador Multiuso Girando Sol Original 500ml,4
Vassoura Pratic Casa Gran Performa,4
Tira-Manchas em Barras Assim Roupas Coloridas 80g,4
Repelente Off Family Loção 200ml,4
Amaciante de Roupa Concentrado Brisa Suave Downy Frasco 1l,4
Kit Noviça Pá e Escova Un,4
Amaciante Concentrado Ypê Encanto 1L,4
Sabão em Pó Ypê Power Act 1,6Kg,4
Lixeira Pratic Casa Redonda Inox 5l Un,4
Limpador Perfumado Girando Sol Suave Magia 2L,4
Pedra Odorizante Sanitária Desoflor Jasmim 35g,4
Limpador Perfumado Girando Sol Encantos da Primavera 1L,4
Branqueador Anil Imperial Colman com 10 cubos de 9g cada,4
Óleo de Soja Cocamar 900ml,1
Creme de Leite UHT Leve Homogeneizado Glória Caixa 200g,1
Creme de Leite Lider 200g,1
Filtro de Papel Original Melitta 103 Caixa 30 Unidades,1
Molho de Tomate Fugini Tradicional 300g,1
Café Torrado e Moído Tradicional Melitta Caixa 500g,2
Creme de Leite UHT Piracanjuba Leve Homogeneizado 200g,1
Milho Verde Quero Lata 170g,1
Macarrão Instantâneo Nissin Lámen Galinha Caipira 85g,1
Azeite de Oliva Andorinha Extra Virgem 500ml,1
Chocotrio NESTLÉ Pasta Amendoim 90g,1
Chocolate Garoto Meio Amargo Tablete 80g,1
Chocolate Classic Meio Amargo Tablete 80g,1
Azeite de Oliva Extra Virgem Clássico Português Gallo Vidro 500ml,1
Amido de Milho Maizena Tradicional 200g,1
Maionese Hellmann's Tradicional 500g,1
Leite em Pó Ninho Integral Instantâneo Lata 380g,2
Macarrão de Sêmola de Trigo Duro Farfalle Generose 265 Barilla Collezione Caixa 500g,1
Leite em Pó Ninho Integral Lata 380g,2
Achocolatado em Pó Nescau Lata 350g,1
Achocolatado Em  Pó Nescau Pacote 550g,1
Molho 3 em 1 Hellmann's Squeeze 360g,1
Granola Protein Sal Marinho Crunch Hart's Natural 200g,1
Ketchup NBA Hellmann's Supreme Squeeze 390g,1
Molho de Tomate Quero Tradicional Sachê 240g,1
Maionese Hellmann's Leve 600g Pague 500g,1
Salgadinho Cheetos Crunchy Pimenta Mexicana 47G,1
Maionese Bacon Sinistro Stranger Things Hellmann's Squeeze 335g,1
Maionese Queijo Hellmann's Squeeze 335g,1
Molho de Tomate Quero Manjericão Sachê 240g,1
Batata Frita Ondulada Pimenta Mexicana Elma Chips Ruffles 65G,1
Molho Quero Bolonhesa Sachê  240g,1
Salgadinho Cheetos Crunchy Pimenta Mexicana 120G,1
Leite em Pó Ninho Instantâneo 575g,2
Salgadinho Queijo Nacho Tortilha de Milho Frontera 110g,1
Salgadinho Chilli Tortilha de Milho Frontera 110g,1
Salgadinho Elma Chips Cheetos Onda Requeijão 160g,1
GRANOLA MAE TERRA 250G, Z/ACUCAR, .,1
Amendoim Japonês Elma Chips 145g,1
Achocolatado Pó Nescau Lata 350g,1
Bombom Ferrero Rocher 150g,1
Chocolate Lindt Classic Barra Ao Leite 90g,1
Salgadinho de Milho Onda Requeijão Elma Chips Cheetos Pacote 40g,1
Salgadinho Queijo Nacho Doritos Pacote 32g,1
Achocolatado Em Pó NESCAU 60% 180g,1
Leite em Pó Ninho Adulto Lata 350g,2
Salgadinho Presunto Elma Chips Fandangos 35G,1
Batata Frita Lisa Clássica Lays 115G,1
Salgadinho de Milho Lua Parmesão Elma Chips Cheetos Pacote 35g,1
Chá Twinings Frutas Silvestres 20g,2
Chocolate Lindt Lindor Singles Ao Leite 100g Com 18 unidades,1
Salgadinho Presunto Elma Chips Fandangos 160g,1
Molho de Tomate com Ervas Finas Clássico Barilla Vidro 400g,1
Molho Pesto Alla Genovese Barilla Vidro 190g,1
Caixa de Bombons Chocolate Lindt Lindor Sortidos 75g Com 6 unidades,1
Geleia Francesa St Dalfour 4 Frutas 284g,1
Chocolate Raffaello 90g,1
Chocolate Ferrero Rocher ao Leite com Avelã, 90g,1
Ketchup Hellmann's Tradicional 380g,1
Biscoito com Chocolate Chocobiscuit GAROTO ao Leite 78g,1
Mostarda Amarela Tradicional Hellmann's Squeeze 170g,1
Salgadinho Lua Parmesão Elma Chips Cheetos Pacote 143g,1
Amendoim sem Pele Elma Chips 100g,1
Ervilha Quero Lata 170g,1
Maionese Hellmann's Tradicional 335g,1
Salgadinho Queijo Nacho Doritos 75g,1
Leite Pó Instantâneo Integral Batavo Pacote 400g,2
Salgadinho Bacon Elma Chips Baconzitos 42G,1
Caldo Knorr Galinha 57g 6 cubos,1
Café Torrado e Moído a Vácuo Tradicional 3 Corações Pacote 500g,2
Caixa de Bombom Nestlé Especialidades 251g,1
Bebida Láctea UHT Cappuccino Chocolate Zero Lactose 3 Corações Power Whey Caixa 250ml,2
Bebida Láctea UHT Cappuccino Clássico Zero Lactose 3 Corações Power Whey Caixa 250ml,2
Café Caboclo Torrado e Moído Tradicional Vácuo 500g,2
Café Torrado e Moído a Vácuo Tradicional Pilão Pacote 500g,2
Salgadinho  Queijo Elma Chips Fandangos Pacote  160g,1
Açúcar Cristal Alto Alegre 5kg,1
Arroz Branco Prato Fino Tipo 1 5Kg,1
Caldo Knorr Carne 57g 6 cubos,1
Maionese Hellmann's Supreme  330g,1
Pêssego Copa de Oro em Calda 820g,1
Óleo de Soja Liza 900ml,1
Aveia Integral  em Flocos Quaker 165g,1
Salgadinho Cheetos Crunchy Super Cheddar 78G,1
Leite Condensado Semidesnatado MOÇA Caixinha 395g,1
Café Torrado e Moído Extraforte Melitta Caixa 500g,2
Salgadinho de Milho Bola Queijo Suíço Elma Chips Cheetos Pacote 125g,1
Batata Frita Lays Rústica Cream Cheese 68G,1
Café Torrado e Moído a Vácuo Extraforte 3 Corações Pacote 500g,2
Snack  Crocantíssimo Peito de Peru com Requeijão Pacote 40g,1
Salgadinho de Milho Toque de Sal Marinho Tostitos 110g,1
Maionese Hellmans Verde Squeeze 335g,1
Maionese Hellmann's Tradicional 200g,1
Maionese Hellmann's Churrasco 335g,1
Salgadinho Dinamita Pimenta Mexicana Doritos 60G,1
Leite Condensado Moça Tradicional Lata Abre Fácil 395g,1
Café Itamaraty Tradicional Vácuo 500g,2
Palitinho de Trigo Elma Chips Stiksy Clássicos  76g,1
Snack Crocantíssimo Churrasco Pacote 40g,1
Salgadinho Sortidos Mix De Queijos Elma Chips Cheetos 36g,1
Café em Cápsula Torrado e Moído Espresso Supremo 3 Corações Caixa 10 Unidades 8g Cada,2
Bebida Láctea UHT Cappuccino Doce de Leite Zero Lactose 3 Corações Power Whey Caixa 250ml,2
Snack Crocantíssimo Queijo & Cebola  Pacote 40g,1
Bis Original Ao Leite 100.8g,1
Capsula de Café Espresso Pleno 3 Corações 10 unidades,2
Salgadinho de Milho Sea Salt Popcorners Pacote 57g,1
Capsula de Café Espresso Vibrante 3 Corações 10un,2
Maionese Hellmann's Alho 335g,1
Salgadinho Cheetos Crunchy White Cheddar 78G,1
Batata Frita Pringles Original 104g,1
Cápsula de Cappuccino Classic 3 Corações 10un,2
Café em Cápsula Torrado e Moído Espresso Atento Tres Caixa 80g 10 Unidades,2
Maionese Hellmann's Tradicional 250g,1
Salgadinho de Milho Toque de Pimenta Mexicana Tostitos 110g,1
Achocolatado em Pó Toddy Original 370g,1
Chocolate ChocoTrio PRESTÍGIO Garoto 90g,1
Tempero em Pó KNORR Arroz 50 g 10 sachês,1
Capsula de Café Filtrado Gourmet 3 Corações 10 unid,2
Ketchup Picante Hellmann's 380g,1
Biscoito Cookie Morango e Framboesa com Gotas e Cobertura Chocolate Branco Fini Dentaduras Bauducco Pacote 96g,1
Molho de Pimenta Knorr Tradicional 150ml,1
Bebida Láctea 15g Cappuccino Cookies'n Cream 3 Corações Power 250ml,2
Bombom Lacta Sortidos Caixa 250.6g,1
Caldo Knorr Carne 114g 12 cubos,1
Chocolate Quente em Cápsula Chocolatto Caramello 3 Corações Caixa 10 Unidades,1
Granola Mãe Terra Tradicional 800g,1
Salgadinho Doritos ,Mostarda  110g,1
Tempero em Pó Knorr Feijão 50 g 10 sachês,1
Snack Assado Eqlibri  Panetini Presunto Defumado 105g,1
Tempero em Pó KNORR Frango 50 g 10 sachês,1
Chá Leão Mate Granel 250g,2
Tempero em Pó Knorr Carne 50 g 10 sachês,1
Chocolate Quente em Cápsula Chocolatto 3 Corações Caixa 10 Unidades,1
Caldo Knorr Galinha 114 g 12 cubos,1
Café com Leite em Cápsula 3 Corações Caixa 10 Unidades 9g Cada,2
Caldo Tablete Bacon Knorr Mais Sabor Caixa 57g 6 Unidades,1
Leite Condensado Tirol Semidesnatado 395g,1
Biscoito Cookie com Pedaços, Gotas e Base de Chocolate Bauducco BigCookie Pacote 30g,1
Caldo Knorr Legumes 6 cubos,1
Macarrão Instantâneo Galinha Caipira com Tomate Turma do Chico Bento Nissin Miojo Pacote 75g,1
Maionese Hellmann's Light 335g,1
Cappuccino Solúvel 3 Corações Baunilha 20g,2
Batata Frita Lisa Salt e Vinegar Lay's Pacote 70g,1
Caldo Knorr Zero Sal Carne 48g 6 cubos,1
Palmito Roecker Pupun Tolete Vd 300G,1
Cappuccino Solúvel 3 Corações Classic 20g,2
Batata Husker Palha Tradicional 400g,1
Óleo de Soja Coamo 900ml,1
Granola Mãe Terra Banana e Cacau 800g,1
Tempero em Pó Knorr Meu Assado Alho e Cebola 25g,1
Wafer Recheio e Cobertura Chocolate Branco Lacta Bis Pacote 100.8g,1
Molho Knorr Pimenta com Alho 150ml,1
Feijão Caldo Bom Carioca 1kg,1
Molho de Pimenta Knorr Chilli Beans 60ml,1
Batata Husker Palha Tradicional 200g,1
Açúcar Refinado Alto Alegre 1Kg,1
Molho de Tomate Pomarola Tradicional Sachê 300g,1
Doce de Leite Ilolay 400g,1
Farofa de Mandioca com Pedaços de Cebola Crocante Yoki Caseiríssima Pacote 200g,1
Azeite La Espanola Tp Unico 500Ml,1
Biscoito Marilan Amanteigado Leite 280g,1
Biscoito Isabela Maizena 350g,1
Farinha Venturelli Empanar Panko 200G,1
Chocolate Branco Recheio Caramelo Lacta Laka Recheados Pacote 104g,1
Macarrão Instantâneo Lámen Galinha Caipira Picante Nissin Miojo Pacote 85g,1
Biscoito Marilan Amanteigado Chocolate 280g,1
Azeite La Espanola Extra Virgem 250Ml,1
Leite Condensado Frimesa 395g,1
Leite Condensado Piracanjuba Semi-Desnatado 395g,1
Cereal Matinal Kitkat 210g,1
Chocolate Milka Alpine Milk 100g,1
Creme de Leite Tirol 200g,1
Molho de Tomate Manjericão Heinz Sachê 240g,1
Farofa de Mandioca com Pedaços de Banana Crocante Yoki Caseiríssima Pacote 200g,1
Amendoim Yoki Descascado Salgado 110g,1
Café Melitta Sabor da Fazenda Tradicional 500g,2
Arroz Branco Prato Fino Tipo 1 - 1kg,1
Suplemento Proteico Pó Baunilha Parmalat Whey Fit Pacote 450g,1
Bala Fini 80g, Gel Sapo, .,1
Pipoca para Micro-Ondas Cobertura do Mundo Invertido Stranger Things Yoki Pacote 140g,1
Chocolate Nestlé Prestigio Maxi 90g,1
Leite Condensado Italac Semidesnatado 395 g,1
Chocotrio NESTLÉ Avelã 90g,1
Creme de Leite NESTLÉ 200g,1
Feijão Preto Caldo Bom 1kg,1
Creme de Avelã Nutella 350g,1
Chocolate ao Leite Recheio Caramelo Lacta Recheados Pacote 104g,1
Leite em Pó Ninho Integral Sachê 575g,2
Molho de Tomate Bolonhesa Heinz Sachê 240g,1
Panetone Vecchio Forno Fruta 750g,1
Biscoito Eurotaste Recheado Chocolate 500g,1
Chocolate Nestlé Recheado 90g Charge,1
Pipoca para Micro-Ondas Cheddar Fenomenal com Sal Netflix Yoki Pacote 95g,1
Molho de Tomate Azeitona Heinz Sachê 240g,1
Arroz Perdigão Strogonoff de Frango Congelado 300g,1
Amendoim Yoki Levemente Salgado 120g,1
Biscoito Recheado Negresco Chocolate Pacote 90g,1
Macarrão Instantâneo Parmegiana de Carne Cup Noodles Copo 68g,1
Biscoito Cookie Framboesa com Gotas e Cobertura Chocolate Branco Fini Tubes Pinta Língua Bauducco Pacote 96g,1
Wafer Sortido Lacta Bis Pacote 119.7g,1
Chocolate Lacta Laka 28g,1
Biscoito Marilan Pit Sop Pão na Chapa 137g,1
Pipoca para Micro-Ondas Presunto Absurdo com Sal Netflix Yoki Pacote 95g,1
Biscoito Marilan Pit Stop Original 137g,1
Ketchup com Curry Heinz Squeeze 397g,1
Café em Cápsula Torrado e Moído Espresso Nescafé Farmers Origins Caixa 46g 10 Unidades,2
Macarrão instantâneo sabor carne 64g,1
Farinha de Trigo Famiglia Venturelli 1kg,1
Macarrão Galo Sêmola Espaguete nº8 500g,1
Molho Barbecue Supreme Hellmann's 380g,1
Desodorante Antitranspirante Stick 45g Men V8 Dry Rexona,1
Chocolate Lacta ao Leite 28g,1
Molho Barbecue Defumado Hellmanns Supreme 280g,1
Extrato de Tomate Elefante Tradicional 300g,1
Cereal Matinal Chocolate Kitkat Pacote 25g,1
Macarrão Mr Noodles Instantâneo 64g,1
Batata Pringles Original 35g,1
Amendoim Yoki Sabor do Chef 420g,1
Creatina Pó Parmalat Energyfit Pouch 240g,1
Panettone Vecchio de Chocolate Lata 600g,1
Bala de Gelatina Frutas Dinos Haribo Pacote 80g,1
Sopa de Caneca Creme de Cebola proteíco 30g,1
CHOCOLATE LACTA DIAMANTE NEGRO TABLETE 28G,1
Whey Protein Concentrado Dux Nutrition Chocolate 28g,1
Bombom GAROTO Sortido Caixa 250g,1
Whey Protein Best Whey Atlhetica Nutrition Toddy 450g,1
''Capsula'' Nescafé Farmers Origins Índia Com 10 Un,2
Amendoim Yoki Molho de Pimenta 120g,1
Macarrão Instantâneo Sabor Frango 64g,1
Suplemento Proteico Pó Sorvete de Chocolate Zero Lactose Caveira Preta Black Skull Whey 100% HD Gourmet Pote 450g,1
Chocolate Lacta Shot Tablete 145g,1
Suplemento Proteico Pó Sorvete de Baunilha Zero Lactose Caveira Preta Black Skull Whey 100% HD Gourmet Pote 450g,1
Milho Verde Fugini 170g,1
Croissant 7 Days Recheado Com Chocolate Ao Leite 45g,1
Pasta de Amendoim Dr Peanut Banoffe 600g,1
Pipoca Doce Pronta mãe terra Brigadeiro Zero Açúcar 35 g,1
Molho de Tomates Intensidade Media Para Tacos 226g,1
Tortilhas Ortega Farinha 405g,1
Barra de Chocolate ao Leite com Pedaços de Caramelo e Flor de Sal Goldko 80g,1
Chocolate KITKAT 4 Fingers ao Leite 41.5g,1
Croissant Like Home Soft Vanilla & Chocolate 240g,1
Bata Husker Palha Tradicional 100g,1
Sal Lebre Refinado 1 Kg,1
Açúcar Cristal Alto Alegre 2kg,1
Doce de Leite Frimesa Tradicional 400g,1
Creme de Leite Leve 200g,1
Salgadinho Bacon Elma Chips Pingo Douro 160G,1
Ketchup Heinz Tradicional 397g,1
Molho de Tomate Cirio Passata Rustica 680g,1
Milho em Conserva Predilecta 170g,1
Macarrão Galo Sêmola Parafuso 500g,1
Extrato de Tomate Elefante Só Tomate 300g,1
Milho para Pipoca Tipo 1 Yoki Premium Pacote 400g,1
Farofa de Mandioca Tradicional Yoki Pacote 400g,1
Chá Matte Leão Natural 25 Sachês 40g,2
Filtro de Papel Brigitta 103 Caixa 30 Unidades,1
Macarrão Renata com Ovos Espaguete nº8 500g,1
Creme de Leite Nestlé 300g,1
Biscoito Chocolate ao Leite Bauducco Choco Biscuit 80g,1
Batata Creme e Cebola Pringles 109g,1
Ketchup Hemmer Tradicional 1kg,1
Achocolatado Em Pó Original Toddy Pote 750G,1
Azeite Mondo Tunisia Extra Virgem 500ml,1
Biscoito Salgado Club Social original embalagem econômica 288g,1
Batata Delizza Palha Tradicional 101g,1
Batata Palha Yoki  Extrafina  190g,1
Vinagre de Álcool Castelo 750ml,1
Biscoito Isabela Água e Sal 350g,1
Óleo de Girassol Soya 900ml,1
Torrada Bauducco Tradicional 142g,1
Açúcar Refinado Especial União 1kg,1
Sal Cisne Refinado  1kg,1
Wafer Bauducco Chocolate 140g,1
Fermento em Pó Royal 100g,1
Biscoito Nestlé Passatempo Recheado Chocolate 130g,1
Café Caboclo Torrado e Moído Extraforte Vácuo 500g,2
Molho de Tomate Tradicional Heinz Sachê 240g,1
Chocolate ao Leite NESTLÉ CLASSIC 80g,1
Filtro de Papel 3 Corações 103 Caixa 30 Unidades,1
Maionese Heinz Tradicional 390g,1
Chocolate Lacta Ao Leite 80g,1
Óleo de Girassol Liza 900ml,1
Chocolate Nestlé Suflair ao Leite 80g,1
Azeitona Verde Vale Fértil Fatiada 120g,1
Milho para Pipoca Tipo 1 Yoki Pacote 400g,1
Bisão Original Ao Leite (Wafer recheado e com cobertura sabor chocolate ao leite) 201.6g,1
Azeite Mondo Extra Virgem Espanha 500ml,1
Biscoito Recheado Trakinas Chocolate 126g,1
Azeitonas Verdes Vale Fértil sem Caroço 120g,1
Doce de Leite Tirol Tradicional 350g,1
Sal Extra Refinado Moc 1kg,1
Granola mãe terra Castanha-de-caju Amigos do Bem 400 g,1
Macarrão Instantâneo Nissin Turma da Mônica Tomate 85g,1
Macarrão Instantâneo Nissin Lámen Carne 85g,1
Biscoito  Rosquinha Coco Parati 250g,1
Chocolate branco Laka 80g,1
Tempero Sazón para Carnes 60g,1
Pack Biscoito Original Club Social Pacote 144g 6 Unidades,1
Maionese Tradicional Hemmer 930g,1
Batata Frita Ondulada Original Elma Chips Ruffles Pacote 33g,1
Biscoito Rosquinha Leite Parati  250g,1
Molho de Tomate Pomodoro Tradicional Cica Sachê 300g,1
Macarrão Galo Sêmola Pena 500g,1
Ovinhos de Amendoim Elma Chips 145g,1
Mostarda Heinz Tradicional 255g,1
Feijão Carioca Grão Brilhante 1kg,1
Bicarbonato de Sódio Kinino 500g,1
Wafer Bauducco Triplo Chocolate 140g,1
Fubá Mimoso Kinino 500g,1
Salgadinho Queijo Nacho Doritos 120g,1
Palmito Golden Pupunha Tolete 270g,1
Farinha de Trigo Anaconda 1kg,1
Gelatina Dr Oetker Morango 20g,1
Chocolate Branco Nestlé Galak 80g,1
Biscoito Rosquinha Brigadeiro Parati  250g,1
Mostarda Amarela Americana Hemmer Squeeze 200g,1
Chá Leão Camomila 15 Sachês 15g,2
Óleo de Canola Liza 900ml,1
Tomate Pelado Arcor em Cubos 240g,1
Macarrão Renata com Ovos Parafuso 500g,1
Azeite de Oliva Extra Virgem Clássico Espanhol Borges Vidro 500ml,1
Biscoito Isabela Leite 350g,1
Biscoito Cookie Tradicional Bauducco Pacote 100g,1
Chocolate ao Leite Garoto Tablete 80g,1
Macarrão Penne Dona Benta com Ovos 500g,1
Pão de Mel Bauducco 180g,1
Massa para Tapioca Beijubom Pronta 1kg,1
Arroz Branco Frias Tipo 1 5kg,1
Sardinha Gomes da Costa com Óleo 125g,1
Macarrão Parafuso Dona Benta com Ovos 500g,1
Sardinha Coqueiro com Óleo 125g,1
Café Torrado e Moído Equilibrado L'or Torras Gourmet Sachê 250g,2
Adoçante Líquido Zero Cal Sacarina 100ml,1
Café em Cápsula Nescafé  Dolce Gusto Mochaccino Canela 10 Cápsula,2
Biscoito Marilan Amanteigado Tradicional 280g,1
Gelatina Dr Oetker Uva 20g,1
Azeite de Oliva Tipo Único Português Gallo Vidro 500ml,1
Chocolate Milka Straberry Yogurt 100g,1
Maionese Hellmann's Tradicional 500gr 2 potes,1
Torrada Bauducco Multigrãos 142g,1
Café Torrado e Moído L'or Origens Mogiana 250g,2
Fermento Biológico Seco Instantâneo Fleischmann Leve 3 Pague 2un 10g,1
Biscoito Isabela Cream Cracker 350g,1
Biscoito Recheado NEGRESCO 90g,1
Amendoim Japonês Dori 500g,1
Café em Cápsula Nescafé Dolce Gusto Espresso 10 Cápsulas,2
Torrada Bauducco Integral  142g,1
Extrato de Tomate Fugini 300g,1
Biscoito Sol Águia Salt Plus Original 360g,1
Vinagre Castelo Álcool 6% 2L,1
Molho de Tomate Tradicional Hemmer Sachê 300g,1
Gelatina Dr Oetker Abacaxi 20g,1
Ketchup Heinz 1.033kg,1
Feijão Carioca Martinelli Tipo 1 - 1Kg,1
Bisão Branco (Wafer recheado e com cobertura sabor chocolate Branco) 201.6g,1
Creme de Leite Piracanjuba Zero Lactose 200g,1
Fermento em Pó Royal 250g,1
Óleo de Soja Vitaliv 900ml,1
Tapioca Amafil 1Kg,1
Chá Leão Erva-Doce 10 Sachês 20g,2
Mel Tradicional Flor da Mata 260g,1
Palitinho de Trigo Elma Chips Stiksy Clássicos  160g,1
Goiabada Predilecta 300g,1
Wafer Bauducco Morango 140g,1
Orégano Kitano Pacote 10g,1
Café Torrado e Moído Extraforte Bom Jesus Caixa 500g,2
Biscoito Vieira Sortido Princesa 400g,1
Chocolate em Pó NESTLÉ Dois Frades 200g,1
Biscoito Marilan Amanteigado Coco 280g,1
Milho para Pipoca Kinino Popcorn 500g,1
Molho de Tomate Predilecta Tradicional 300g,1
Chocolate Branco Lacta Com Recheio Ouro Branco 98G,1
Batata Delizza Palha Extra Fina 87g,1
Atum Sólido Gomes da Costa 170g,1
Gelatina em Pó Lowçucar Morango Zero 10g,1
Biscoito Recheado Trakinas Morango 126g,1
Chá Leão Capim-Cidreira 10 Sachês 10g,2
Maionese Hemmer Tradicional 670g,1
Biscoito com Chocolate Chocobiscuit NESTLÉ Ao Leite 78g,1
Biscoito Champagne com Açúcar Cristal Bauducco Caixa 150g,1
Cereal Matinal Kellogg's Sucrilhos Original 240g,1
Salgadinho de Trigo Pimenta Mexicana Torcida Pacote 100g,1
Salgadinho Torcida Churrasco 100g,1
Leite de Coco Mais Coco Vidro 200ml,1
Macarrão Galo Sêmola Espaguetinho nº9 500g,1
Café Torrado e Moído Delicado L'or Torras Gourmet Sachê 250g,2
Champignon em Conserva Vale Fértil Inteiros 100g,1
Filtro de Papel Brigitta 102 Caixa 30 Unidades,1
Pipoca para Micro-Ondas Natural com Sal Yoki Pacote 100g,1
Café em Cápsula Ristretto Espresso L'or Caixa 104g 20 Unidades,2
Palmito Delizza Pupunha 270g,1
Biscoito Rosquinha Chocolate Parati  250g,1
Café Torrado e Moído Especial Melitta Caixa 500g,2
Batata Pringles Churrasco 109g,1
Café Jandaia a Vácuo 500g,2
Biscoito recheado Oreo original 90g,1
Café em Cápsula Espresso Colômbia L'or  Caixa 52g 10 Unidades,2
Pepino em Conserva em Rodelas Agridoce Hemmer Burgers Vidro 440g,1
Biscoito Wafer Parati® Minueto® sabor Brigadeiro 81g,1
Macarrão de Sêmola de Trigo Duro Spaghettini 3 Barilla Classic Caixa 500g,1
Óleo de Milho Liza 900ml,1
Atum Sólido Gomes da Costa Natural 170g,1
Arroz Integral Prato Fino Parboilizado 1kg,1
Batata Frita Ondulada Original Elma Chips Ruffles 68g,1
Salgadinho Picanha Elma Chips Pingo D'ouro 120G,1
Chocolate Granulado Dori 120g,1
Chocolate ao leite com amendoim Shot 80g,1
Biscoito Recheado BONO Chocolate 90g,1
Gelatina Dr Oetker Limão 20g,1
Pipoca para Micro-Ondas Manteiga de Cinema Yoki Pacote 100g,1
Chá Leão Camomila 10 Sachês 10g,2
Biscoito Wafer Parati® Minueto® sabor Chocolate 81g,1
Batata Frita Ondulada Cebola & Salsa Elma Chips Ruffles Pacote 68g,1
Leite de Coco Sococo 200ml,1
Milho em Conserva Stella D'oro 170g,1
Ketchup Hemmer Tradicional 320g,1
Sal Grosso Para Churrasco Cisne Pacote 1kg,1
Café Pilão Torrado E Moído Extra Forte Vácuo 500g,2
Snack Assado Eqlibri Panetini Queijo Suave 40g,1
Fermento Biológico Dona Benta Seco Instantâneo Fermix 10g,1
Tempero Chimichurri Kinino 15g,1
Batata Palha Pratic Leve 100g,1
Tempero Sabor Ami Alho e Sal 300g,1
Biscoito Bauducco Leite 335g,1
Nata Frimesa 300g,1
Milho de Pipoca Kinino Americana 500g,1
Biscoito Recheado Trakinas Meio a Meio chocolate e morango 126g,1
Arroz Branco Tipo 1 Pilecco Nobre Longo Fino 5kg,1
Café Solúvel em Pó Pilão Sachê 40g,2
Café em Cápsula Espresso Caramelo L'or Caixa 52g 10 Unidades,2
Macarrão Galo Sêmola Ave Maria 500g,1
Café Solúvel Liofilizado Classique L'or Vidro 84g,2
Macarrão Instantâneo Renata Express Galinha Caipira 85g,1
Tempero Maggi Meu Segredo 7 Vegetais 49g,1
Azeitonas Verdes Vale Fértil Pasteurizada com Caroço 500g,1
Leite em Pó Glória Integral Instantâneo 400g,2
Chocolate Nestlé Suflair Duo 80g,1
Achocolatado Pó 3 Corações Chocolatto 560g,1
Café em Cápsula Nescafé Dolce Gusto Café Caseiro 10 Unidades,2
Café Solúvel Liofilizado Montanhas Capixabas L'or Vidro 84g,2
Extrato de Tomate Elefante Cebola e Alho 300g,1
Pepino Delizza Conserva 300g,1
Chocolate Chocotrio NESTLÉ Cookies & Cream 90g,1
Palmito Delizza Pupunha Picado 300g,1
Adoçante Líquido Zero Cal Sacarina Ciclomato 200ml,1
Atum em Pedaços Gomes da Costa Natural 170g,1
Atum Gomes Costa Ralado Lata 170g,1
Sardinhas Gomes da Costa Tomate 125g,1
Torrada Marilan Lev Magic Toast Original 110g,1
Leite em Pó Tirol Integral 400g,2
Geleia Queensberry Classic Morango 320g,1
Azeite de Oliva Extra Virgem Clássico Português Gallo Vidro 250ml,1
Gelatina em Pó Lowçucar Zero Açúcar Abacaxi 10g,1
Torrada Integral Marilan Lev Magic Toast 110g,1
Gelatina em Pó Lowçucar Zero Açúcar Framboesa 10g,1
Maionese Hellmann's Light 500g,1
Chocolate Meio Amargo 40% Cacau Hershey's Pacote 82g,1
Chocolate em Pó Dr Oetker 70% Cacau 200g,1
Fermento Químico em Pó Dona Benta Tradicional 100g,1
Molho de Tomate Stella D'oro Tradicional 300g,1
Pão de Mel Barion com Cobertura de Chocolate 300g,1
Café em Cápsula NESCAFÉ DOLCE GUSTO Caffe Matinal 10 Cápsulas 80g,2
Granola Jasmine Castanha de Caju Integral 1kg,1
Adoçante Líquido Adocyl Sacarina 100ml,1
Pão de Forma Visconti Integral 400g,1
Biscoito PASSATEMPO Leite 150g,1
Café Solúvel Liofilizado Sul da Bahia L'or Vidro 84g,2
Cereal Matinal Snow Flakes Leve 620g Pague 470g,1
Vinagre de Maçã Castelo 750ml,1
Tempero Sazón para Feijão 60g,1
Café em Cápsula Espresso Sontuoso L'or Caixa 52g 10 Unidades,2
Gelatina em Pó Lowçucar Zero Açúcar Uva 10g,1
Chocolate Garoto Baton ao Leite 16g,1
Farinha de Mandioca Pinduca Torrada 1kg,1
Canela da China em Pó Kinino 30g,1
Canela em Pó Kitano 50g,1
Café Torrado e Moído Intenso L'or Torras Gourmet Sachê 250g,2
Chá Matte Leão com Limão 25 Sachês 40g,2
Macarrão Instantâneo Renata Express Carne 85g,1
Chocolate KITKAT 4 Fingers White 41.5g,1
Chocolate Amaro 40% Cacau Barra 80g,1
Batata Palha Pratic Leve Extra Fina 100g,1
Café em Cápsula NESCAFÉ DOLCE GUSTO Café Au Lait 10 Cápsulas,2
Aveia Nestlé Flocos 450g,1
Atum Gomes da Costa Ralado Natural 170g,1
Café Solúvel Liofilizado Intense L'Or Vidro 84G,2
Biscoito Wafer Parati® Minueto® sabor Morango 81g,1
Azeitonas Verdes Delizza sem Caroço 160g,1
Bala Dori Bolete Tutti Frutti 100g,1
Café Itamaraty Extra Forte Vácuo 500g,2
Bombom de Chocolate Ouro Branco Unitário 20g,1
Mel Flor da Mata Tradicional 470g,1
Salgadinho Torcida Cebola 100g,1
Bicarbonato de Sódio Kitano Pouch 80g,1
Tempero Kinino Paprica Doce 20g,1
Macarrão Renata com Ovos Pena 500g,1
Chá Leão Hortelã 15 Sachês 15g,2
Ervilha em Conserva Fugini 170g,1
Leite em Pó Itambé Integral Instantâneo 400g,2
Açúcar Cristal Caravelas Pacote 5kg,1
Farinha Yoki Kimilho Flocão 500g,1
Macarrão Renata com Ovos Espaguetinho nº9 500g,1
Mostarda Amarela Americana Hemmer Squeeze 700g,1
Chá Leão Erva-Doce 15 Sachês 30g,2
Passata Mondo 680g,1
Creme de Avelã Nutty Tradicional 350g,1
Batata Palha Extrafina Yoki Sachê 100g,1
Grão de Bico Kinino 500g,1
Maionese Receita Caseira Hemmer 500g,1
Tempero Kinino Alho, Cebola e Salsa 20g,1
Bala de Gelatina Fini Minhocas Azedinhas 90g,1
Farinha de Trigo Venturelli Integral 1 Kg,1
Café em Cápsula Torrado e Moído Lungo Espresso L'or Caixa 52g 10 Unidades,2
Azeitonas Verdes Delizza Fatiadas 160g,1
Biscoito Marilan Manteiga 300g,1
Biscoito Wafer Parati® Minueto® sabor Limão 81g,1
Sardinha Palmeira em Óleo 125g,1
Biscoito Isabela Tortinhas Chocolate com Avelã 140g,1
Café Torrado e Moído a Vácuo Descafeinado Pilão Pacote 250g,2
Biscoito Bauducco Chocolate 335g,1
Café Torrado e Moído Sul de Minas Melitta Gourmet Regiões Brasileiras Pacote 250g,2
Vinagre De Fruta Chemim Maca 750ml,1
Bombom Ferrero Rocher 100g,1
Biscoito recheado Mini Oreo original 35g,1
Tempero Kinino Paprica Picante 20g,1
Mistura para Bolo Apti Chocolate 400g,1
Creme de Avelã Nutella 140g,1
Torrada Integral Marilan Lev Magic Toast Peito de Peru 110g,1
Chá Matte Leão Pêssego 25 Sachês 40g,2
Chocolate Amandita 200g,1
Óleo de Canola Soya 900ml,1
Fermento em Pó Dr Oetker Químico 100g,1
Chocolate em Pó Apti 50% Cacau 200g,1
Farofa de Mandioca Zaeli Tradicional 500g,1
Rosquinha Marilan Tradicional Chocolate 300g,1
Biscoito Recheado Trakinas Meio a Meio chocolate ao leite e branco de 126g,1
Mistura para Bolo Fleischmann Chocolate 390g,1
Café em Cápsula NESCAFE DOLCEGUSTO Lungo 10 Cápsulas 70g,2
Macarrão Instantâneo Nissin Yakissoba 500g,1
Chocolate Ao Leite Lacta Com Recheio Sonho De Valsa 98G,1
Café em Cápsula Espresso Baunilha L'or Caixa 52g 10 Unidades,2
Creme de Avelã Nutty Duo 350g,1
Flocos de Milho Pré-Cozido Quaker Polentina  500g,1
Cápsula de Café Cerrado Mineiro Compativel com Nespresso 3 Corações 10un,2
Fermento Fleischmann Biológico 125g,1
Café Solúvel NESCAFÉ Tradição 160g,2
scoito Chocolate Meio Amargo Bauducco Choco Biscuit Pacote 80g,1
Biscoito Marilan Tortinhas Chocolate 140g,1
Chá Matte Leão Natural Granel 100g,2
Macarrão de Sêmola de Trigo Duro Spaghettoni 7 Barilla Classic Caixa 500g,1
Café  Pelé Torrado e Moído Extraforte Vácuo 500g,2
Aveia em Flocos Finos Jasmine 400g,1
Champignon Aica Fatiado 100g,1
Coco Ralado Ducoco Adoçado 100g,1
Ovos de Codorna Oliveira Conserva 300g,1
Macarrão Instantâneo Nissin Talharim Bolonhesa 99g,1
Café em Cápsula Torrado e Moído Espresso Guatemala L'or Origins Collection Caixa 10 Unidades,2
Biscoito Isabela Maria 350g,1
Creme de Leite Lider Leve Zero Lactose 200g,1
Gelatina Dr Oetker Framboesa 20g,1
Cappuccino Classic 3 Corações Pote 200g,2
Trigo para Kibe Kinino 500g,1
Geleia Arcor Morango 454g,1
Batata Pringles Queijo 109g,1
Pipoca para Micro-Ondas Temperada com Toque de Chef Yoki Pacote 100g,1
Maionese Heinz Tradicional 400g,1
Barra de Cereal Nutry Morango com Chocolate 22g,1
Bala Dori Recheio Hortelã 100g,1
Farinha de Mandioca Pinduca Branca 1kg,1
Molho Inglês Kenko 150ml,1
Bala de Gelatina Fini Minhocas 90g,1
Feijão Procopense Carioca 1kg,1
Creme de Leite Verde Campo Pasteurizado 500g,1
Maionese Hellmann's Tradicional 800g,1
Chocotrio NESTLÉ Chocolate 90g,1
Chocolate Neugebauer 40% Cacau 80g,1
Chocolate Milka Chips Ahoy 100g,1
Gelatina Dr Oetker Maracujá 20g,1
Macarrão de Arroz Urbano Penne com Ovos sem Glúten 500g,1
Ketchup Hemmer Tradicional 750g,1
Tomate Pelado Paganini em Cubos 400g,1
Chocolate Suflair Nestlé ao Leite 50g,1
Batata Palha Tradicional Yoki Sachê 105g,1
Tempero Sazón Legumes 60g,1
Café Solúvel em Pó Tradicional Iguaçu Lata 200g,2
Chá Mate Real Natural 250g,2
Biscoito Piraquê Recheio Goiabinha  75g,1
Bala Fini Tubinho Cítrico 80g,1
Pipoca para Micro-Ondas Natural Yoki Pacote 100g,1
Cafe Sendeski Trad Torradmoid Pct 500g,2
Óleo de Milho Cocamar Suavit 900ml,1
Atum 88 Ralado Ao Natural 140g,1
Champignon em Conserva Vale Fértil Fatiado 100g,1
Pão de Forma Tradicional Pullman Pacote 480g,1
Bisnaguinha Pullman 300g,1
Pão Seven Boys Integral Castanha e Nozes 500g,1
Pão de Forma Visconti Integral 400g,1
Pão de Forma Original Pullman Artesano Pacote 500g,1
Pão Bisnaguinha Seven Boys Original 300g,1
Biscoito de Polvilho Suissa 100g,1
Pão de Forma Caseirinho Integral 450g,1
Pão de Forma Panutri 450g,1
Pão de Forma Integral Pullman Pacote 480g,1
Pão Brioche para Hambúrguer Pullman Grand Burger Pacote 520g,1
Pão para Hambúrguer com Gergelim Pullman Grand Burger Pacote 420g,1
Bolo Pullman Laranja Pacote  250g,1
Bolinho Ana Maria QD+ Duplo Chocolate 35g,1
Bolinho Ana Maria QD+ Cenoura com Chocolate 35g,1
Bolinho Ana Maria Gotas de Chocolate 35g,1
Bolinho Ana Maria Napolitano 42g,1
Pão de Forma Visconti Tradicional 400g,1
Bolinho de Baunilha Ana Maria 35g,1
Bolinho Ana Maria Chocolate 35g,1
Pão de Forma Wickbold Integral 450g,1
Pão de Forma Seven Boys 450g,1
Bolo Duplo Chocolate Bauducco Pacote 200g,1
Pão de Forma Wickbold do Forno 100% Integral 500g,1
Pão Casa Croissant 300g,1
Pão Caseirinho Kg,1
Pão Manteiguinha Kg,1
Pão na Chapa Pullman Artesano Pacote 500g,1
Pão de Forma Bauducco Integral 390g,1
Pão Tortilha Integral Rap10 297g,1
Pão para Hambúrguer Bauducco 200g,1
Pão Panutrir Leite 450g,1
Pão Bisnaguinha Original Pullman Artesano  300g,1
Bolinho Bauducco Chocolate e Baunilha 40g,1
Pão Semi Italiano Kg,1
Bolinho Cupcake Dulce Aventura Chocolate 200g,1
Pão Bisnaguinha Visconti 240g,1
Pão Caseirinho de Mandioquinha Kg,1
Pão Bisnaguinha Tradicional Bauducco  260g,1
Pão Bisnaguinha na Chapa Pullman Artesano Pacote 300g,1
Pão Careca Curitibano Kg,1
Pão Wickbold Integral Maçã, Canela e Passas 500g,1
Pão Panutri 100% Integral 12 Grãos Zero 350g,1
Pão Caseirinho Receita Tradicional 450g,1
Pão Wickbold Grão Sabor Castanha do Pará e Quinoa 500g,1
Pão Wickbold Grão Sabor Castanha do Pará e Quinoa 400g,1
Pão para Hot-Dog Bauducco 200g,1
Pão Sírio Dubai Tradicional 320g,1
Pão Panutri Castanha do Pará e Quinoa Integral 500g,1
Pão Caseirinho Integral Select 100% Integral 450g,1
Pão Wickbold Grão Sabor 100% Integral Tradicional 400g,1
Bolinho Ana Maria Gotas de Chocolate 70g,1
Bolinho Bauducco Baunilha e Morango 40g,1
Bolinho Cupcake Dulce Aventura Baunilha com Chocolate 200g,1
Pão para Hot Dog Caseirinho 400g,1
Pão Wickbold Grão Sabor Chia e Macadâmia 400g,1
Mini Rocambole Bauducco Roll Chocolate 34g,1
Bolinho Bauducco  com Gotas de Chocolate ao Leite 40g,1
Bolinho Cupcake Dulce Aventura Baunilha Mesclado 200g,1
Bolinho  Ana Maria Baunilha 80g,1
Madeleine Paderrí Com Açúcar 200g,1
Bolinho Ana Maria Chocolate 70g,1
Pão Tortilha Integral Wickbold Tá Pronto! 270g,1
Pão de Forma Australiano Pullman Artesano Pacote 500g,1
Pão Wickbold 100% Integral Freekeh e Noz-Pecã 400g,1
Madeleine Paderrí Chocolate 200g,1
Bolinho Renata Chocolate 40g,1
Bolo Renata Mesclado 250g,1
Pão Italiano Calabresa Kg,1
Pão de Forma Schär Multigrãos sem Glúten e sem Lactose 200g,1
Bolinho Casa Suíça Turma da Mônica Cenoura 40g,1
Bolinho Renata Brigadeiro 40g,1
Bolinho Renata Baunilha com Chocolate 40g,1
Minibrownie Wickbold Do Forno Chocolate Meio Amargo 30g,1
Bolinho de Laranja Bauducco 40g,1
Pão Sírio Casa Rigani Pita 210g,1
Bolinho Casa Suíça Baunilha Turma da Mônica 40g,1
Bolinho Suavipan Chocolate Com Chocolate Zero 40g,1
Pão Sírio Pita Bread Extra Fino 320g,1
Bolinho Renata Baunilha com Morango 40g,1
Minibrownie Wickbold Chocolate ao Leite 30g,1
Nikuman Long Way Frango 400g,1
Minibrownie Wickbold Do Forno Avelãs 30g,1
Pão Wickbold Grãos sem Glúten 300g,1
abacaxi perola,1
abobora cabotia,1
abobora cortada,1
abobora italia,1
abobrinha menina,1
acem moido,1
acem s osso,1
acuc alto alegre,1
acucar cristal a. alegre,1
acuc doce sucar,1
ag min crystal,2
agua coc mais,1
agua coc mais coc,2
agua coco ducoco,2
agua coco mais,2
agua coco puro,2
agua c ouro coco,2
agua crystal c/g,2
agua font life,2
agua m cristal,2
agua san qboa,4
alface hidroponi,1
alface hidroponico,1
alface mazzini,1
alho,1
alho extra,1
alho prosabor,1
amac downy,4
amendoim pinduc,1
amendoim zaeli,1
amend pinduca,1
amend zaeli,1
amido milho,1
arroz,1
arroz agul zaeli,1
arroz frias,1
arroz prato fino,1
arroz urbano int,1
atum gomes cost,1
atum nautique,1
aveia apti,1
aveia yoki,1
aveia zaeli,1
az andorinha,1
azeite andorin,1
azeite gallo,1
azeitona predilecta,1
bacon perdigao,1
bacon seara,1
balde dup,5
banana caturra,1
banana nanica,1
banana nanina,1
banana prata,1
batata doce,1
batata monalisa,1
batata pringles,1
beb gatora,2
beb gatorade,2
beb l 3 corac,2
beb powerade,2
beterraba,1
bisc isabela,1
bisc jeitinho,1
bisc marilan,1
biscoito tipo ca,1
bisc passatempo rec,1
bisc ruschel,1
bisteca suina,1
bolachinha de po,1
bolachinha de pote,1
bolachinhas de na,1
bolachinhas n,1
bolo de fuba cremoso,1
borrifador,5
bov lagarto,1
broa chocolate,1
cafe bom jesus,1
cafe bom jesus,2
cafe melitta,2
cafe mellita,2
cafe tres coracoes,2
canela aronesi,1
carne moida,1
cavalo,1
cebola,1
cebola nacional,1
cebolinha,1
cenoura,1
cenoura bdj,1
cerv eisenbahn,2
cerv eisenbahn fardo,2
cerveja stella art,2
cerv heineken,2
cerv spaten ln,2
cerv st artois,2
cha mate leao,2
cha mate leao sa,2
cha verde leao,2
choc arcor,1
choc garoto tal,1
choc hersheys,1
chocolate lacta,1
choc snickers,1
coador cafe,5
coador coabem,5
cocada caseira,1
coco flococo,1
condim sabor,1
costela minga,1
costela suina,1
couve manteiga,1
couve manteiga ma,1
couve verdes,1
coxao mole fat,1
coxa sob. copac,1
coxa sobre sadia,1
coxinha asa big frango,1
coxinha asa pioneiro,1
cr dental close up,3
cr dent close up,3
cr dent sorriso,3
creme amendoim,1
creme ricota president,1
cuca doce de leit,1
deterg ype,4
det po omo lav,4
det ype,4
det ype  maca,4
doce oliveira,1
embalagem hermetica,5
energ monster,2
espon csa,4
esponja esfrebom,4
esponja magica bettan,4
esp scot brite,4
extr tomat tp,1
fa aveia nestle,1
faca churrasco,5
farinha aveia,1
far tr venturelli,1
far venturel,1
far venturelli,1
fatias hgaras,1
feijão efraim,1
feijão f. verde,1
feijao martinel,1
ferm apti bio,1
ferm fermix,1
ferm po royal,1
file copacol,1
file pei pioneiro,1
file peito,1
file peito cancao,1
file peito copacol,1
file peitoo pioneiro,1
file peito pioneiro,1
file pioneiro,1
focaccia frango,1
forma gelo,5
fraldinha,1
frango passarinho,1
frg passarinho,1
frigideira,5
fuba mimoso,1
fuba sinha,1
fuba zaeli,1
garfo simonaggio,5
gel dent sorriso,3
gerg tostado,1
iog frimesa,1
iog vigor,1
lamp taschib led,5
laranja kg,1
laranja pera,1
lasanha renata,1
leite batavo,2
leite lider,2
leite l.vid tirol,2
leite tirol,2
leite uht,2
leite uht tirol,2
limao,1
lixeira dup,5
lombo ceratti,1
macarrao,1
mac barilla,1
mac floriani,1
mac gallo,1
mac galo,1
mac renata,1
mac renata espag,1
maionese hellmann,1
maion hellman,1
maizena,1
mamao formosa,1
mand desc,1
mand emb,1
mant batavo,1
manteiga tirol,1
mant elege,1
mant frimesa,1
massa rap 10,1
massa rap10,1
melao amarelo,1
melao cepi id,1
mel flor d mata,1
mel flor mata,1
mist lactea con,2
molho asteca,1
molho sakura t,1
molho shoyu,1
molho shoyu sakura,1
molho t fugini,1
molho tom quero,1
molh predilecta,1
morango emb,1
mortadela aurora,1
mortadela sadia,1
mort sadia defumada,1
m.tomat quero,1
musculo traseiro,1
mussarela,1
mussarela fat,1
mussarela fat pres,1
mussarela fat president,1
ol soja cocamar,1
oleo coamo,1
oleo cocama so,1
oleo soja cocamar,1
oleo vitaliv,1
ovo caramuru,1
ovo granja fel,1
ovo katayama,1
ovo vila agrico,1
ovo vila agricu 30,1
ovo yabuta,1
pacoca yoki,1
paleta sui c couro,1
paleta suina,1
pano mili,4
pano multiuso,4
pao caseirinho,1
pao caseiro,1
pao de forma sev,1
pao de queijo,1
pao forma,1
pao frances,1
pao nutri,1
pao pan nutri,1
pao qj chef foods,1
pao qj minas,1
pao qj mo claros,1
pao qjo for sul,1
pao qjo trad minas,1
pao qj t minas,1
pao queijo,1
pao seven boys,1
pao sevenboys,1
pao wickbold,1
papel hig,3
papel hig dueto,3
papel t.,4
papel toalha,4
pap hig duetto,3
paprica kinino,1
pasta amend,1
pasta amendoim,1
patinho bov,1
patinho traseiro,1
peito per seara,1
peito peru,1
peito peru seara,1
peito sadia,1
peito seara,1
pepino japones,1
pernil resfriado,1
pernil suin,1
pernil suino,1
pìmenta calab,1
pimentao verde b,1
pimentao vermelho,1
pimenta reino,1
pin sweet sabor,1
ponkan,1
ponta alcatra,1
porta filtro melitta,5
presto sadia,1
qj kollac frescal,1
qj mussa,1
qjo la serenissima,1
qjo mus,1
qjo mus fat,1
qjo muss tirol,1
queijo gran,1
queijo muss,1
queijo mussarela de,1
queijo president,1
queijo quata,1
racao cao,5
renata pena,1
repolho,1
repolho verde,1
req lider,1
req tirol,1
requ lider,1
ricota ipanema,1
ricota kollac,1
rodo pia plastico,4
rosquinhas de p.,1
sabao omo 1.,4
sab liq nivea,3
sab lux suave,3
sabonete lux,3
sabonet lux,3
sab palmolive,3
saco brilhos,4
saco lixo,4
saco lixo perola,4
saco lixo sert,4
salg doritos,1
salg lays,1
sal leb marinho,1
sal marfin refinado,1
salsinha,1
sassami pioneiro,1
shoyu sakura,1
sobrecoxa ,1
sobrecoxa pioneiro,1
sobrecoxa sadia,1
sobrecoxa seara,1
suco laranja s,2
suco laranja sap,1
suco prats,2
suco super golff,2
sui bist carre,1
suina bist carre,1
suina paleta,1
suino paleta,1
suino pernil,1
sui pernil,1
tabua carne,5
tapioca amafil,1
temp sabor ami,1
tir mancha tixan,4
toalha papel,4
tomate cereja,1
tomate saladete,1
tortilha rap 10,1
uva,1
uva grand valle,1
uva verde,1
uva verde emb,1
vinho cerrill,2
vinho perini,2
wafer minueto,1
whey tres c.,2
